label,group,latency_ms,pressure,tier,n_detections,vru_detected,switch_occurred,accuracy_proxy
w=1,moderate,31.78960003424436,0.5268,SMALL,0,False,False,0.448
w=1,moderate,33.86959998169914,0.5057,SMALL,0,False,False,0.448
w=1,moderate,31.293600040953606,0.5161,SMALL,0,False,False,0.448
w=1,moderate,31.194299983326346,0.5332,SMALL,0,False,False,0.448
w=1,moderate,8.950899995397776,0.5452,NANO,0,False,True,0.372
w=1,moderate,38.57370000332594,0.5029,SMALL,0,False,True,0.448
w=1,moderate,32.95840002829209,0.5346,SMALL,0,False,False,0.448
w=1,moderate,35.57080001337454,0.5115,SMALL,0,False,False,0.448
w=1,moderate,34.967300016433,0.4859,SMALL,0,False,False,0.448
w=1,moderate,35.22979997796938,0.4966,SMALL,0,False,False,0.448
w=1,moderate,36.17829998256639,0.5173,SMALL,0,False,False,0.448
w=1,moderate,38.9007999910973,0.5172,SMALL,0,False,False,0.448
w=1,moderate,34.91430002031848,0.4537,SMALL,0,False,False,0.448
w=1,moderate,36.6410999558866,0.5092,SMALL,0,False,False,0.448
w=1,moderate,34.04110000701621,0.5023,SMALL,0,False,False,0.448
w=1,moderate,34.37940002186224,0.4668,SMALL,0,False,False,0.448
w=1,moderate,8.75609996728599,0.5836,NANO,0,False,True,0.372
w=1,moderate,33.79070002119988,0.5295,SMALL,0,False,True,0.448
w=1,moderate,34.08830001717433,0.5205,SMALL,0,False,False,0.448
w=1,moderate,34.647999971639365,0.5302,SMALL,0,False,False,0.448
w=1,moderate,33.89169997535646,0.5407,SMALL,0,False,False,0.448
w=1,moderate,35.120700020343065,0.5265,SMALL,0,False,False,0.448
w=1,moderate,9.209100040607154,0.571,NANO,0,False,True,0.372
w=1,moderate,33.71719998540357,0.4665,SMALL,0,False,True,0.448
w=1,moderate,35.600600007455796,0.5323,SMALL,0,False,False,0.448
w=1,moderate,36.61090001696721,0.4935,SMALL,0,False,False,0.448
w=1,moderate,35.9599000075832,0.5015,SMALL,0,False,False,0.448
w=1,moderate,36.005000001750886,0.5088,SMALL,0,False,False,0.448
w=1,moderate,9.10149997798726,0.5439,NANO,0,False,True,0.372
w=1,moderate,34.72160000819713,0.5411,SMALL,0,False,True,0.448
w=1,moderate,34.00679997866973,0.5042,SMALL,0,False,False,0.448
w=1,moderate,9.83049999922514,0.546,NANO,0,False,True,0.372
w=1,moderate,38.7644000002183,0.5165,SMALL,0,False,True,0.448
w=1,moderate,34.26779998699203,0.499,SMALL,0,False,False,0.448
w=1,moderate,34.7438000026159,0.5245,SMALL,0,False,False,0.448
w=1,moderate,38.78110001096502,0.4904,SMALL,0,False,False,0.448
w=1,moderate,39.335899986326694,0.4882,SMALL,0,False,False,0.448
w=1,moderate,35.461399995256215,0.5299,SMALL,0,False,False,0.448
w=1,moderate,34.614100004546344,0.5324,SMALL,0,False,False,0.448
w=1,moderate,39.72359996987507,0.5253,SMALL,0,False,False,0.448
w=1,moderate,36.80750000057742,0.5326,SMALL,0,False,False,0.448
w=1,moderate,34.48269999353215,0.4899,SMALL,0,False,False,0.448
w=1,moderate,8.744099992327392,0.5442,NANO,0,False,True,0.372
w=1,moderate,33.917799999471754,0.5137,SMALL,0,False,True,0.448
w=1,moderate,33.79790001781657,0.5303,SMALL,0,False,False,0.448
w=1,moderate,10.945300047751516,0.5722,NANO,0,False,True,0.372
w=1,moderate,35.559200041461736,0.5065,SMALL,0,False,True,0.448
w=1,moderate,9.113100008107722,0.5564,NANO,0,False,True,0.372
w=1,moderate,9.013300004880875,0.5516,NANO,0,False,False,0.372
w=1,moderate,34.16590002598241,0.5092,SMALL,0,False,True,0.448
w=1,moderate,37.52160002477467,0.5098,SMALL,0,False,False,0.448
w=1,moderate,63.86330001987517,0.4903,SMALL,0,False,False,0.448
w=1,moderate,14.7121999762021,0.5536,NANO,0,False,True,0.372
w=1,moderate,42.17419994529337,0.4587,SMALL,0,False,True,0.448
w=1,moderate,12.209500011522323,0.5629,NANO,0,False,True,0.372
w=1,moderate,46.185399987734854,0.5243,SMALL,0,False,True,0.448
w=1,moderate,40.64899997320026,0.511,SMALL,0,False,False,0.448
w=1,moderate,51.94490001304075,0.4674,SMALL,0,False,False,0.448
w=1,moderate,11.859200021717697,0.546,NANO,0,False,True,0.372
w=1,moderate,65.67520002136007,0.5036,SMALL,0,False,True,0.448
w=1,moderate,14.695700025185943,0.5746,NANO,0,False,True,0.372
w=1,moderate,57.37920000683516,0.4769,SMALL,0,False,True,0.448
w=1,moderate,54.192100011277944,0.502,SMALL,0,False,False,0.448
w=1,moderate,43.3247999753803,0.5286,SMALL,0,False,False,0.448
w=1,moderate,35.51590000279248,0.5211,SMALL,0,False,False,0.448
w=1,moderate,45.90480000479147,0.5259,SMALL,0,False,False,0.448
w=1,moderate,42.95169998658821,0.5151,SMALL,0,False,False,0.448
w=1,moderate,43.7040000106208,0.5075,SMALL,0,False,False,0.448
w=1,moderate,42.00009995838627,0.5177,SMALL,0,False,False,0.448
w=1,moderate,11.038500000722706,0.5775,NANO,0,False,True,0.372
w=1,moderate,62.03309999546036,0.5391,SMALL,0,False,True,0.448
w=1,moderate,36.7969999788329,0.5039,SMALL,0,False,False,0.448
w=1,moderate,39.22650002641603,0.5343,SMALL,0,False,False,0.448
w=1,moderate,36.56889998819679,0.5166,SMALL,0,False,False,0.448
w=1,moderate,36.17229999508709,0.5239,SMALL,0,False,False,0.448
w=1,moderate,37.35410002991557,0.5242,SMALL,0,False,False,0.448
w=1,moderate,8.869400015100837,0.5584,NANO,0,False,True,0.372
w=1,moderate,9.457300009671599,0.544,NANO,0,False,False,0.372
w=1,moderate,35.9034999855794,0.4951,SMALL,0,False,True,0.448
w=1,moderate,36.353400035295635,0.4872,SMALL,0,False,False,0.448
w=1,moderate,8.82310001179576,0.5641,NANO,0,False,True,0.372
w=1,moderate,35.05880001466721,0.4881,SMALL,0,False,True,0.448
w=1,moderate,36.55890002846718,0.4751,SMALL,0,False,False,0.448
w=1,moderate,10.318499989807606,0.5738,NANO,0,False,True,0.372
w=1,moderate,36.13209998002276,0.5329,SMALL,0,False,True,0.448
w=1,moderate,42.804399970918894,0.5266,SMALL,0,False,False,0.448
w=1,moderate,41.57649999251589,0.5227,SMALL,0,False,False,0.448
w=1,moderate,9.616700001060963,0.5432,NANO,0,False,True,0.372
w=1,moderate,8.82149999961257,0.5429,NANO,0,False,False,0.372
w=1,moderate,32.71140001015738,0.5144,SMALL,0,False,True,0.448
w=1,moderate,36.914800002705306,0.4995,SMALL,0,False,False,0.448
w=1,moderate,9.101099974941462,0.551,NANO,0,False,True,0.372
w=1,moderate,43.04249997949228,0.5243,SMALL,0,False,True,0.448
w=1,moderate,36.34830005466938,0.4726,SMALL,0,False,False,0.448
w=1,moderate,38.86600001715124,0.4626,SMALL,0,False,False,0.448
w=1,moderate,8.616500010248274,0.5478,NANO,0,False,True,0.372
w=1,moderate,37.673600018024445,0.5002,SMALL,0,False,True,0.448
w=1,moderate,34.64889997849241,0.4976,SMALL,0,False,False,0.448
w=1,moderate,43.62930002389476,0.5243,SMALL,0,False,False,0.448
w=1,moderate,36.6605999879539,0.5251,SMALL,0,False,False,0.448
w=1,heavy,9.215299971401691,0.6856,NANO,0,False,True,0.372
w=1,heavy,9.959899995010346,0.7187,NANO,0,False,False,0.372
w=1,heavy,9.158200002275407,0.7063,NANO,0,False,False,0.372
w=1,heavy,9.363999997731298,0.7341,NANO,0,False,False,0.372
w=1,heavy,8.819499984383583,0.7219,NANO,0,False,False,0.372
w=1,heavy,10.081399988848716,0.716,NANO,0,False,False,0.372
w=1,heavy,11.794699996244162,0.6596,NANO,0,False,False,0.372
w=1,heavy,10.055799968540668,0.7353,NANO,0,False,False,0.372
w=1,heavy,10.242799995467067,0.7131,NANO,0,False,False,0.372
w=1,heavy,8.842999988701195,0.7445,NANO,0,False,False,0.372
w=1,heavy,10.249199985992163,0.7451,NANO,0,False,False,0.372
w=1,heavy,10.005099989939481,0.7649,NANO,0,False,False,0.372
w=1,heavy,11.184300004970282,0.6728,NANO,0,False,False,0.372
w=1,heavy,13.416400004643947,0.7261,NANO,0,False,False,0.372
w=1,heavy,8.659699989948422,0.7517,NANO,0,False,False,0.372
w=1,heavy,8.235300017986447,0.7693,NANO,0,False,False,0.372
w=1,heavy,8.041900000534952,0.7546,NANO,0,False,False,0.372
w=1,heavy,7.947200036142021,0.721,NANO,0,False,False,0.372
w=1,heavy,7.906699960585684,0.7653,NANO,0,False,False,0.372
w=1,heavy,8.429699984844774,0.6903,NANO,0,False,False,0.372
w=1,heavy,7.96960003208369,0.6951,NANO,0,False,False,0.372
w=1,heavy,8.180300006642938,0.7288,NANO,0,False,False,0.372
w=1,heavy,7.930199964903295,0.6852,NANO,0,False,False,0.372
w=1,heavy,8.538800000678748,0.7442,NANO,0,False,False,0.372
w=1,heavy,9.098799957428128,0.718,NANO,0,False,False,0.372
w=1,heavy,9.148499986622483,0.647,NANO,0,False,False,0.372
w=1,heavy,8.109099988359958,0.6954,NANO,0,False,False,0.372
w=1,heavy,7.627399987541139,0.6955,NANO,0,False,False,0.372
w=1,heavy,8.106699970085174,0.758,NANO,0,False,False,0.372
w=1,heavy,8.10869998531416,0.6935,NANO,0,False,False,0.372
w=1,heavy,7.940599985886365,0.7361,NANO,0,False,False,0.372
w=1,heavy,8.69250000687316,0.7076,NANO,0,False,False,0.372
w=1,heavy,8.020100009161979,0.7181,NANO,0,False,False,0.372
w=1,heavy,7.969300029799342,0.7655,NANO,0,False,False,0.372
w=1,heavy,7.933399989269674,0.7018,NANO,0,False,False,0.372
w=1,heavy,8.150900015607476,0.7232,NANO,0,False,False,0.372
w=1,heavy,8.677100006025285,0.7042,NANO,0,False,False,0.372
w=1,heavy,8.070399984717369,0.6994,NANO,0,False,False,0.372
w=1,heavy,8.308199991006404,0.7481,NANO,0,False,False,0.372
w=1,heavy,10.014300001785159,0.6659,NANO,0,False,False,0.372
w=1,heavy,9.69120004447177,0.7326,NANO,0,False,False,0.372
w=1,heavy,9.850900038145483,0.7375,NANO,0,False,False,0.372
w=1,heavy,8.33720003720373,0.7223,NANO,0,False,False,0.372
w=1,heavy,8.874299994204193,0.7639,NANO,0,False,False,0.372
w=1,heavy,9.14300000295043,0.7177,NANO,0,False,False,0.372
w=1,heavy,9.124100033659488,0.7072,NANO,0,False,False,0.372
w=1,heavy,8.681199979037046,0.7423,NANO,0,False,False,0.372
w=1,heavy,9.060899959877133,0.6778,NANO,0,False,False,0.372
w=1,heavy,8.692900009918958,0.7039,NANO,0,False,False,0.372
w=1,heavy,8.42869997723028,0.6876,NANO,0,False,False,0.372
w=1,heavy,8.951199997682124,0.7547,NANO,0,False,False,0.372
w=1,heavy,8.959600003436208,0.7091,NANO,0,False,False,0.372
w=1,heavy,9.373500011861324,0.7382,NANO,0,False,False,0.372
w=1,heavy,9.67200001468882,0.7057,NANO,0,False,False,0.372
w=1,heavy,9.47930000256747,0.7152,NANO,0,False,False,0.372
w=1,heavy,8.690599992405623,0.711,NANO,0,False,False,0.372
w=1,heavy,8.988399989902973,0.754,NANO,0,False,False,0.372
w=1,heavy,8.86000000173226,0.6736,NANO,0,False,False,0.372
w=1,heavy,8.365299960132688,0.7112,NANO,0,False,False,0.372
w=1,heavy,8.30139999743551,0.6968,NANO,0,False,False,0.372
w=1,heavy,9.874299983493984,0.7176,NANO,0,False,False,0.372
w=1,heavy,10.433300049044192,0.6826,NANO,0,False,False,0.372
w=1,heavy,8.51040001725778,0.695,NANO,0,False,False,0.372
w=1,heavy,9.974399989005178,0.6894,NANO,0,False,False,0.372
w=1,heavy,9.062700031790882,0.7349,NANO,0,False,False,0.372
w=1,heavy,9.131499973591417,0.7033,NANO,0,False,False,0.372
w=1,heavy,9.773100027814507,0.6645,NANO,0,False,False,0.372
w=1,heavy,8.501600008457899,0.7374,NANO,0,False,False,0.372
w=1,heavy,8.259299967903644,0.7712,NANO,0,False,False,0.372
w=1,heavy,9.119800000917166,0.7344,NANO,0,False,False,0.372
w=1,heavy,8.207700040657073,0.7287,NANO,0,False,False,0.372
w=1,heavy,8.16349999513477,0.7349,NANO,0,False,False,0.372
w=1,heavy,8.251399965956807,0.7052,NANO,0,False,False,0.372
w=1,heavy,10.014700004830956,0.7538,NANO,0,False,False,0.372
w=1,heavy,9.08220000565052,0.696,NANO,0,False,False,0.372
w=1,heavy,8.526799967512488,0.7172,NANO,0,False,False,0.372
w=1,heavy,8.153999981004745,0.7122,NANO,0,False,False,0.372
w=1,heavy,8.391099981963634,0.7438,NANO,0,False,False,0.372
w=1,heavy,8.606099989265203,0.7181,NANO,0,False,False,0.372
w=1,heavy,8.659299986902624,0.716,NANO,0,False,False,0.372
w=1,heavy,7.943400007206947,0.7614,NANO,0,False,False,0.372
w=1,heavy,8.666900044772774,0.7239,NANO,0,False,False,0.372
w=1,heavy,8.51050001801923,0.721,NANO,0,False,False,0.372
w=1,heavy,9.835499979089946,0.7277,NANO,0,False,False,0.372
w=1,heavy,8.901700028218329,0.7325,NANO,0,False,False,0.372
w=1,heavy,9.813300042878836,0.755,NANO,0,False,False,0.372
w=1,heavy,7.900599972344935,0.7099,NANO,0,False,False,0.372
w=1,heavy,7.7931999694556,0.7383,NANO,0,False,False,0.372
w=1,heavy,7.830299960914999,0.6999,NANO,0,False,False,0.372
w=1,heavy,8.019600005354732,0.7492,NANO,0,False,False,0.372
w=1,heavy,8.850299986079335,0.7156,NANO,0,False,False,0.372
w=1,heavy,8.28359997831285,0.7482,NANO,0,False,False,0.372
w=1,heavy,10.459899960551411,0.7216,NANO,0,False,False,0.372
w=1,heavy,9.187799994833767,0.7334,NANO,0,False,False,0.372
w=1,heavy,7.759500003885478,0.721,NANO,0,False,False,0.372
w=1,heavy,9.512600023299456,0.7199,NANO,0,False,False,0.372
w=1,heavy,8.580199966672808,0.7003,NANO,0,False,False,0.372
w=1,heavy,7.888899999670684,0.7248,NANO,0,False,False,0.372
w=1,heavy,8.795699977781624,0.6992,NANO,0,False,False,0.372
w=1,heavy,7.844700012356043,0.7484,NANO,0,False,False,0.372
w=2,moderate,32.01719996286556,0.5089,SMALL,0,False,False,0.448
w=2,moderate,40.60080001363531,0.4828,SMALL,0,False,False,0.448
w=2,moderate,39.77799997664988,0.4896,SMALL,0,False,False,0.448
w=2,moderate,31.24250000109896,0.4823,SMALL,0,False,False,0.448
w=2,moderate,31.12980001606047,0.4906,SMALL,0,False,False,0.448
w=2,moderate,31.782999983988702,0.5355,SMALL,0,False,False,0.448
w=2,moderate,31.927700038067997,0.5164,SMALL,0,False,False,0.448
w=2,moderate,31.68140002526343,0.5765,SMALL,0,False,False,0.448
w=2,moderate,38.04370004218072,0.4783,SMALL,0,False,False,0.448
w=2,moderate,41.94470000220463,0.5585,SMALL,0,False,False,0.448
w=2,moderate,8.932000026106834,0.5768,NANO,0,False,True,0.372
w=2,moderate,9.00820002425462,0.5384,NANO,0,False,False,0.372
w=2,moderate,33.916300046257675,0.489,SMALL,0,False,True,0.448
w=2,moderate,32.58840000489727,0.4852,SMALL,0,False,False,0.448
w=2,moderate,33.60150003572926,0.5614,SMALL,0,False,False,0.448
w=2,moderate,33.05149998050183,0.5236,SMALL,0,False,False,0.448
w=2,moderate,34.01520004263148,0.5151,SMALL,0,False,False,0.448
w=2,moderate,32.96150005189702,0.5101,SMALL,0,False,False,0.448
w=2,moderate,35.06379999453202,0.4939,SMALL,0,False,False,0.448
w=2,moderate,34.92979996372014,0.5036,SMALL,0,False,False,0.448
w=2,moderate,33.50359998876229,0.5427,SMALL,0,False,False,0.448
w=2,moderate,33.66990003269166,0.5316,SMALL,0,False,False,0.448
w=2,moderate,36.82799998205155,0.5417,SMALL,0,False,False,0.448
w=2,moderate,33.38079998502508,0.529,SMALL,0,False,False,0.448
w=2,moderate,35.14640004141256,0.5513,SMALL,0,False,False,0.448
w=2,moderate,10.593200044240803,0.5558,NANO,0,False,True,0.372
w=2,moderate,11.359800002537668,0.4796,NANO,0,False,False,0.372
w=2,moderate,40.11539998464286,0.4792,SMALL,0,False,True,0.448
w=2,moderate,36.51549998903647,0.5018,SMALL,0,False,False,0.448
w=2,moderate,35.809800028800964,0.4826,SMALL,0,False,False,0.448
w=2,moderate,38.84619998279959,0.5203,SMALL,0,False,False,0.448
w=2,moderate,41.73209995497018,0.5445,SMALL,0,False,False,0.448
w=2,moderate,9.354499983601272,0.5575,NANO,0,False,True,0.372
w=2,moderate,8.816099958494306,0.4964,NANO,0,False,False,0.372
w=2,moderate,40.15409998828545,0.4045,SMALL,0,False,True,0.448
w=2,moderate,34.582499996759,0.5312,SMALL,0,False,False,0.448
w=2,moderate,37.67009999137372,0.524,SMALL,0,False,False,0.448
w=2,moderate,35.971000033896416,0.5289,SMALL,0,False,False,0.448
w=2,moderate,34.412700042594224,0.5182,SMALL,0,False,False,0.448
w=2,moderate,43.894700007513165,0.5622,SMALL,0,False,False,0.448
w=2,moderate,45.70769995916635,0.4662,SMALL,0,False,False,0.448
w=2,moderate,45.146899996325374,0.574,SMALL,0,False,False,0.448
w=2,moderate,38.03180000977591,0.4927,SMALL,0,False,False,0.448
w=2,moderate,33.954700047615916,0.5486,SMALL,0,False,False,0.448
w=2,moderate,33.7998999748379,0.5247,SMALL,0,False,False,0.448
w=2,moderate,33.96889998111874,0.502,SMALL,0,False,False,0.448
w=2,moderate,36.245300027076155,0.5772,SMALL,0,False,False,0.448
w=2,moderate,36.25230002216995,0.5136,SMALL,0,False,False,0.448
w=2,moderate,37.9088000045158,0.5088,SMALL,0,False,False,0.448
w=2,moderate,33.40389998629689,0.5351,SMALL,0,False,False,0.448
w=2,moderate,31.167399953119457,0.6464,SMALL,0,False,False,0.448
w=2,moderate,40.51159997470677,0.5393,SMALL,0,False,False,0.448
w=2,moderate,30.930999957490712,0.5383,SMALL,0,False,False,0.448
w=2,moderate,31.20229998603463,0.4854,SMALL,0,False,False,0.448
w=2,moderate,31.80860000429675,0.5209,SMALL,0,False,False,0.448
w=2,moderate,32.73640002589673,0.5249,SMALL,0,False,False,0.448
w=2,moderate,31.34649997809902,0.5286,SMALL,0,False,False,0.448
w=2,moderate,31.953099998645484,0.4461,SMALL,0,False,False,0.448
w=2,moderate,39.77470000972971,0.5419,SMALL,0,False,False,0.448
w=2,moderate,41.153899976052344,0.4762,SMALL,0,False,False,0.448
w=2,moderate,30.24280001409352,0.5336,SMALL,0,False,False,0.448
w=2,moderate,33.50510000018403,0.5092,SMALL,0,False,False,0.448
w=2,moderate,39.2497000284493,0.5824,SMALL,0,False,False,0.448
w=2,moderate,8.093900047242641,0.6022,NANO,0,False,True,0.372
w=2,moderate,8.219000010285527,0.4795,NANO,0,False,False,0.372
w=2,moderate,7.87319999653846,0.5467,NANO,0,False,False,0.372
w=2,moderate,8.216700050979853,0.53,NANO,0,False,False,0.372
w=2,moderate,35.85459996247664,0.4789,SMALL,0,False,True,0.448
w=2,moderate,33.10589998727664,0.4703,SMALL,0,False,False,0.448
w=2,moderate,33.89439999591559,0.5013,SMALL,0,False,False,0.448
w=2,moderate,36.132799985352904,0.5328,SMALL,0,False,False,0.448
w=2,moderate,40.07129999808967,0.4969,SMALL,0,False,False,0.448
w=2,moderate,34.888099995441735,0.6039,SMALL,0,False,False,0.448
w=2,moderate,8.44959996175021,0.6047,NANO,0,False,True,0.372
w=2,moderate,8.639900013804436,0.4869,NANO,0,False,False,0.372
w=2,moderate,32.40829997230321,0.5144,SMALL,0,False,True,0.448
w=2,moderate,34.874900011345744,0.5051,SMALL,0,False,False,0.448
w=2,moderate,34.446700010448694,0.5326,SMALL,0,False,False,0.448
w=2,moderate,39.75549997994676,0.5029,SMALL,0,False,False,0.448
w=2,moderate,36.221500020474195,0.5531,SMALL,0,False,False,0.448
w=2,moderate,9.378099988680333,0.561,NANO,0,False,True,0.372
w=2,moderate,9.72520001232624,0.4951,NANO,0,False,False,0.372
w=2,moderate,34.43699999479577,0.4903,SMALL,0,False,True,0.448
w=2,moderate,35.18199996324256,0.5356,SMALL,0,False,False,0.448
w=2,moderate,36.07510001165792,0.5464,SMALL,0,False,False,0.448
w=2,moderate,33.70589995756745,0.4988,SMALL,0,False,False,0.448
w=2,moderate,33.14650000538677,0.521,SMALL,0,False,False,0.448
w=2,moderate,34.860100015066564,0.5291,SMALL,0,False,False,0.448
w=2,moderate,34.18229997623712,0.5293,SMALL,0,False,False,0.448
w=2,moderate,33.34960003849119,0.4619,SMALL,0,False,False,0.448
w=2,moderate,34.97320000315085,0.4808,SMALL,0,False,False,0.448
w=2,moderate,33.9615999837406,0.5513,SMALL,0,False,False,0.448
w=2,moderate,41.52480000630021,0.5157,SMALL,0,False,False,0.448
w=2,moderate,32.7077999827452,0.4841,SMALL,0,False,False,0.448
w=2,moderate,32.58810000261292,0.5446,SMALL,0,False,False,0.448
w=2,moderate,10.77559997793287,0.5489,NANO,0,False,True,0.372
w=2,moderate,8.424100000411272,0.5149,NANO,0,False,False,0.372
w=2,moderate,32.12410002015531,0.5097,SMALL,0,False,True,0.448
w=2,moderate,34.2283999780193,0.4949,SMALL,0,False,False,0.448
w=2,moderate,33.40459999162704,0.5073,SMALL,0,False,False,0.448
w=2,heavy,15.717599948402494,0.6864,NANO,0,False,True,0.372
w=2,heavy,14.541500015184283,0.7102,NANO,0,False,False,0.372
w=2,heavy,12.021400034427643,0.7137,NANO,0,False,False,0.372
w=2,heavy,11.293200019281358,0.6696,NANO,0,False,False,0.372
w=2,heavy,10.588400007691234,0.7005,NANO,0,False,False,0.372
w=2,heavy,10.050499986391515,0.6944,NANO,0,False,False,0.372
w=2,heavy,8.685899956617504,0.7581,NANO,0,False,False,0.372
w=2,heavy,8.50729999365285,0.7602,NANO,0,False,False,0.372
w=2,heavy,8.589700039010495,0.6601,NANO,0,False,False,0.372
w=2,heavy,10.606399970129132,0.6755,NANO,0,False,False,0.372
w=2,heavy,8.785199956037104,0.6978,NANO,0,False,False,0.372
w=2,heavy,8.426700020208955,0.7475,NANO,0,False,False,0.372
w=2,heavy,10.278299974743277,0.6607,NANO,0,False,False,0.372
w=2,heavy,9.925700025632977,0.7642,NANO,0,False,False,0.372
w=2,heavy,8.08060000417754,0.7473,NANO,0,False,False,0.372
w=2,heavy,9.566000022459775,0.7257,NANO,0,False,False,0.372
w=2,heavy,9.416099986992776,0.6757,NANO,0,False,False,0.372
w=2,heavy,8.70750000467524,0.7347,NANO,0,False,False,0.372
w=2,heavy,10.075300000607967,0.7402,NANO,0,False,False,0.372
w=2,heavy,9.879499964881688,0.7007,NANO,0,False,False,0.372
w=2,heavy,9.12980001885444,0.7316,NANO,0,False,False,0.372
w=2,heavy,8.573900035116822,0.6871,NANO,0,False,False,0.372
w=2,heavy,9.309999994002283,0.7683,NANO,0,False,False,0.372
w=2,heavy,8.389700029511005,0.7227,NANO,0,False,False,0.372
w=2,heavy,8.319900021888316,0.7581,NANO,0,False,False,0.372
w=2,heavy,9.090700012166053,0.6942,NANO,0,False,False,0.372
w=2,heavy,9.88530000904575,0.7106,NANO,0,False,False,0.372
w=2,heavy,9.850300033576787,0.752,NANO,0,False,False,0.372
w=2,heavy,9.177499974612147,0.7154,NANO,0,False,False,0.372
w=2,heavy,8.61860002623871,0.7121,NANO,0,False,False,0.372
w=2,heavy,8.904999995138496,0.7328,NANO,0,False,False,0.372
w=2,heavy,9.02150000911206,0.7334,NANO,0,False,False,0.372
w=2,heavy,9.86460002604872,0.6968,NANO,0,False,False,0.372
w=2,heavy,8.192499983124435,0.7018,NANO,0,False,False,0.372
w=2,heavy,9.427000011783093,0.7064,NANO,0,False,False,0.372
w=2,heavy,10.135899996384978,0.6972,NANO,0,False,False,0.372
w=2,heavy,8.200199983548373,0.7529,NANO,0,False,False,0.372
w=2,heavy,9.611699962988496,0.7782,NANO,0,False,False,0.372
w=2,heavy,8.306699979584664,0.7173,NANO,0,False,False,0.372
w=2,heavy,8.805000048596412,0.7236,NANO,0,False,False,0.372
w=2,heavy,8.885800023563206,0.7228,NANO,0,False,False,0.372
w=2,heavy,8.857199980411679,0.7217,NANO,0,False,False,0.372
w=2,heavy,8.799000002909452,0.7475,NANO,0,False,False,0.372
w=2,heavy,8.831100014504045,0.651,NANO,0,False,False,0.372
w=2,heavy,11.585799977183342,0.7429,NANO,0,False,False,0.372
w=2,heavy,8.761300006881356,0.7081,NANO,0,False,False,0.372
w=2,heavy,9.397700021509081,0.7239,NANO,0,False,False,0.372
w=2,heavy,8.363299944903702,0.687,NANO,0,False,False,0.372
w=2,heavy,8.92509997356683,0.7631,NANO,0,False,False,0.372
w=2,heavy,8.291399979498237,0.6713,NANO,0,False,False,0.372
w=2,heavy,8.585500007029623,0.721,NANO,0,False,False,0.372
w=2,heavy,8.15469998633489,0.6799,NANO,0,False,False,0.372
w=2,heavy,8.277399989310652,0.7168,NANO,0,False,False,0.372
w=2,heavy,8.092000032775104,0.7342,NANO,0,False,False,0.372
w=2,heavy,8.575100044254214,0.7704,NANO,0,False,False,0.372
w=2,heavy,8.00370000069961,0.7341,NANO,0,False,False,0.372
w=2,heavy,8.123099978547543,0.7177,NANO,0,False,False,0.372
w=2,heavy,8.407399989664555,0.7425,NANO,0,False,False,0.372
w=2,heavy,8.316999999806285,0.7365,NANO,0,False,False,0.372
w=2,heavy,8.564200019463897,0.7123,NANO,0,False,False,0.372
w=2,heavy,7.637600007001311,0.6787,NANO,0,False,False,0.372
w=2,heavy,8.08359996881336,0.7156,NANO,0,False,False,0.372
w=2,heavy,7.984499970916659,0.7172,NANO,0,False,False,0.372
w=2,heavy,8.269199985079467,0.7462,NANO,0,False,False,0.372
w=2,heavy,8.209799998439848,0.7378,NANO,0,False,False,0.372
w=2,heavy,9.218799998052418,0.73,NANO,0,False,False,0.372
w=2,heavy,8.276599983219057,0.6707,NANO,0,False,False,0.372
w=2,heavy,8.136000018566847,0.714,NANO,0,False,False,0.372
w=2,heavy,8.094699995126575,0.7241,NANO,0,False,False,0.372
w=2,heavy,7.889400003477931,0.7656,NANO,0,False,False,0.372
w=2,heavy,8.014199964236468,0.7115,NANO,0,False,False,0.372
w=2,heavy,8.13260005088523,0.7097,NANO,0,False,False,0.372
w=2,heavy,9.819500031881034,0.7203,NANO,0,False,False,0.372
w=2,heavy,8.603200025390834,0.7482,NANO,0,False,False,0.372
w=2,heavy,7.845900021493435,0.7124,NANO,0,False,False,0.372
w=2,heavy,9.320899960584939,0.711,NANO,0,False,False,0.372
w=2,heavy,11.185300012584776,0.7501,NANO,0,False,False,0.372
w=2,heavy,7.775900012347847,0.6879,NANO,0,False,False,0.372
w=2,heavy,8.248300000559539,0.7587,NANO,0,False,False,0.372
w=2,heavy,9.447499993257225,0.7072,NANO,0,False,False,0.372
w=2,heavy,8.385699999053031,0.6511,NANO,0,False,False,0.372
w=2,heavy,8.07469995925203,0.741,NANO,0,False,False,0.372
w=2,heavy,8.445399987976998,0.6991,NANO,0,False,False,0.372
w=2,heavy,7.665599987376481,0.698,NANO,0,False,False,0.372
w=2,heavy,7.981900009326637,0.7769,NANO,0,False,False,0.372
w=2,heavy,8.032999990973622,0.6968,NANO,0,False,False,0.372
w=2,heavy,7.899499963968992,0.7299,NANO,0,False,False,0.372
w=2,heavy,8.094699995126575,0.6852,NANO,0,False,False,0.372
w=2,heavy,8.125599997583777,0.7169,NANO,0,False,False,0.372
w=2,heavy,8.022100024390966,0.7457,NANO,0,False,False,0.372
w=2,heavy,8.009699988178909,0.7761,NANO,0,False,False,0.372
w=2,heavy,8.517400012351573,0.6565,NANO,0,False,False,0.372
w=2,heavy,8.5444999858737,0.6863,NANO,0,False,False,0.372
w=2,heavy,8.415299991611391,0.7087,NANO,0,False,False,0.372
w=2,heavy,8.472899964544922,0.6723,NANO,0,False,False,0.372
w=2,heavy,8.07919999351725,0.725,NANO,0,False,False,0.372
w=2,heavy,8.938100014347583,0.7482,NANO,0,False,False,0.372
w=2,heavy,8.910300035495311,0.7586,NANO,0,False,False,0.372
w=2,heavy,8.480000018607825,0.7088,NANO,0,False,False,0.372
w=2,heavy,8.575100044254214,0.7261,NANO,0,False,False,0.372
w=3,moderate,31.293799984268844,0.5478,SMALL,0,False,False,0.448
w=3,moderate,36.31300001870841,0.5431,SMALL,0,False,False,0.448
w=3,moderate,40.629499999340624,0.5138,SMALL,0,False,False,0.448
w=3,moderate,32.23399998387322,0.5312,SMALL,0,False,False,0.448
w=3,moderate,32.07720001228154,0.5722,SMALL,0,False,False,0.448
w=3,moderate,32.36270003253594,0.4975,SMALL,0,False,False,0.448
w=3,moderate,35.60150001430884,0.473,SMALL,0,False,False,0.448
w=3,moderate,40.853200014680624,0.5018,SMALL,0,False,False,0.448
w=3,moderate,33.935300016310066,0.488,SMALL,0,False,False,0.448
w=3,moderate,40.1854999945499,0.5021,SMALL,0,False,False,0.448
w=3,moderate,47.94959997525439,0.5677,SMALL,0,False,False,0.448
w=3,moderate,35.206500033382326,0.537,SMALL,0,False,False,0.448
w=3,moderate,36.7973999818787,0.5071,SMALL,0,False,False,0.448
w=3,moderate,39.633900043554604,0.5166,SMALL,0,False,False,0.448
w=3,moderate,30.442900024354458,0.4802,SMALL,0,False,False,0.448
w=3,moderate,30.68419999908656,0.4878,SMALL,0,False,False,0.448
w=3,moderate,34.50650000013411,0.5114,SMALL,0,False,False,0.448
w=3,moderate,34.285000001545995,0.4943,SMALL,0,False,False,0.448
w=3,moderate,31.161800026893616,0.5417,SMALL,0,False,False,0.448
w=3,moderate,30.50160000566393,0.6007,SMALL,0,False,False,0.448
w=3,moderate,33.98079995531589,0.5227,SMALL,0,False,False,0.448
w=3,moderate,31.30470000905916,0.5535,SMALL,0,False,False,0.448
w=3,moderate,32.386899983976036,0.5524,SMALL,0,False,False,0.448
w=3,moderate,9.958699985872954,0.5492,NANO,0,False,True,0.372
w=3,moderate,10.605599964037538,0.5222,NANO,0,False,False,0.372
w=3,moderate,8.995899988804013,0.4865,NANO,0,False,False,0.372
w=3,moderate,43.971799954306334,0.5284,SMALL,0,False,True,0.448
w=3,moderate,45.53569998824969,0.4741,SMALL,0,False,False,0.448
w=3,moderate,37.442300003021955,0.5154,SMALL,0,False,False,0.448
w=3,moderate,32.48019999591634,0.4923,SMALL,0,False,False,0.448
w=3,moderate,32.98950003227219,0.5346,SMALL,0,False,False,0.448
w=3,moderate,33.312999992631376,0.4751,SMALL,0,False,False,0.448
w=3,moderate,33.86329999193549,0.5452,SMALL,0,False,False,0.448
w=3,moderate,33.827300008852035,0.5735,SMALL,0,False,False,0.448
w=3,moderate,10.361999971792102,0.5469,NANO,0,False,True,0.372
w=3,moderate,8.74900002963841,0.5312,NANO,0,False,False,0.372
w=3,moderate,9.31769999442622,0.558,NANO,0,False,False,0.372
w=3,moderate,8.12360004056245,0.4767,NANO,0,False,False,0.372
w=3,moderate,9.022800019010901,0.5272,NANO,0,False,False,0.372
w=3,moderate,33.737100020516664,0.5241,SMALL,0,False,True,0.448
w=3,moderate,33.422700013034046,0.5635,SMALL,0,False,False,0.448
w=3,moderate,34.61080003762618,0.542,SMALL,0,False,False,0.448
w=3,moderate,33.464199979789555,0.5309,SMALL,0,False,False,0.448
w=3,moderate,33.97940000286326,0.5407,SMALL,0,False,False,0.448
w=3,moderate,34.16320000542328,0.5241,SMALL,0,False,False,0.448
w=3,moderate,33.82360003888607,0.5383,SMALL,0,False,False,0.448
w=3,moderate,33.69890002068132,0.5125,SMALL,0,False,False,0.448
w=3,moderate,33.46460004104301,0.481,SMALL,0,False,False,0.448
w=3,moderate,32.28230000240728,0.4926,SMALL,0,False,False,0.448
w=3,moderate,34.27969996118918,0.5174,SMALL,0,False,False,0.448
w=3,moderate,34.531100012827665,0.5282,SMALL,0,False,False,0.448
w=3,moderate,42.42840001825243,0.4788,SMALL,0,False,False,0.448
w=3,moderate,36.50869999546558,0.5754,SMALL,0,False,False,0.448
w=3,moderate,32.382800010964274,0.5544,SMALL,0,False,False,0.448
w=3,moderate,32.31360000791028,0.5058,SMALL,0,False,False,0.448
w=3,moderate,32.35559997847304,0.5246,SMALL,0,False,False,0.448
w=3,moderate,41.53629997745156,0.5045,SMALL,0,False,False,0.448
w=3,moderate,40.93830002238974,0.492,SMALL,0,False,False,0.448
w=3,moderate,42.49379999237135,0.5019,SMALL,0,False,False,0.448
w=3,moderate,33.71679998235777,0.5025,SMALL,0,False,False,0.448
w=3,moderate,35.29730002628639,0.4662,SMALL,0,False,False,0.448
w=3,moderate,32.04710001591593,0.4916,SMALL,0,False,False,0.448
w=3,moderate,31.784399994648993,0.4963,SMALL,0,False,False,0.448
w=3,moderate,35.38959997240454,0.5738,SMALL,0,False,False,0.448
w=3,moderate,34.113199973944575,0.5439,SMALL,0,False,False,0.448
w=3,moderate,40.740400028880686,0.5418,SMALL,0,False,False,0.448
w=3,moderate,44.112500036135316,0.4901,SMALL,0,False,False,0.448
w=3,moderate,38.743200013414025,0.5582,SMALL,0,False,False,0.448
w=3,moderate,31.15370002342388,0.4824,SMALL,0,False,False,0.448
w=3,moderate,30.20880004623905,0.5298,SMALL,0,False,False,0.448
w=3,moderate,39.61120004532859,0.5474,SMALL,0,False,False,0.448
w=3,moderate,37.62929997174069,0.511,SMALL,0,False,False,0.448
w=3,moderate,30.429799982812256,0.555,SMALL,0,False,False,0.448
w=3,moderate,31.4541999832727,0.5552,SMALL,0,False,False,0.448
w=3,moderate,8.30889999633655,0.5509,NANO,0,False,True,0.372
w=3,moderate,8.323400048539042,0.516,NANO,0,False,False,0.372
w=3,moderate,8.488999970722944,0.5591,NANO,0,False,False,0.372
w=3,moderate,8.584700000938028,0.468,NANO,0,False,False,0.372
w=3,moderate,10.27779997093603,0.5342,NANO,0,False,False,0.372
w=3,moderate,32.86239999579266,0.4831,SMALL,0,False,True,0.448
w=3,moderate,36.23899997910485,0.5016,SMALL,0,False,False,0.448
w=3,moderate,38.16350002307445,0.5185,SMALL,0,False,False,0.448
w=3,moderate,39.30560004664585,0.5232,SMALL,0,False,False,0.448
w=3,moderate,33.491100009996444,0.4785,SMALL,0,False,False,0.448
w=3,moderate,33.17349997814745,0.5368,SMALL,0,False,False,0.448
w=3,moderate,33.59669999917969,0.5709,SMALL,0,False,False,0.448
w=3,moderate,33.974000019952655,0.5456,SMALL,0,False,False,0.448
w=3,moderate,36.92300000693649,0.4928,SMALL,0,False,False,0.448
w=3,moderate,38.626299996394664,0.5178,SMALL,0,False,False,0.448
w=3,moderate,44.115500000771135,0.5745,SMALL,0,False,False,0.448
w=3,moderate,45.201500004623085,0.52,SMALL,0,False,False,0.448
w=3,moderate,41.5130999754183,0.5498,SMALL,0,False,False,0.448
w=3,moderate,33.79960003076121,0.5406,SMALL,0,False,False,0.448
w=3,moderate,32.26619999622926,0.5353,SMALL,0,False,False,0.448
w=3,moderate,31.517900002654642,0.5503,SMALL,0,False,False,0.448
w=3,moderate,32.29629999259487,0.5135,SMALL,0,False,False,0.448
w=3,moderate,31.32680000271648,0.4961,SMALL,0,False,False,0.448
w=3,moderate,31.6294000367634,0.5661,SMALL,0,False,False,0.448
w=3,moderate,31.923600006848574,0.543,SMALL,0,False,False,0.448
w=3,moderate,8.12660000519827,0.5626,NANO,0,False,True,0.372
w=3,heavy,12.33139995019883,0.7928,NANO,0,False,True,0.372
w=3,heavy,10.528499959036708,0.7249,NANO,0,False,False,0.372
w=3,heavy,11.33409998146817,0.7692,NANO,0,False,False,0.372
w=3,heavy,10.346799972467124,0.7804,NANO,0,False,False,0.372
w=3,heavy,11.148199962917715,0.7575,NANO,0,False,False,0.372
w=3,heavy,12.481400044634938,0.7315,NANO,0,False,False,0.372
w=3,heavy,11.854099982883781,0.7547,NANO,0,False,False,0.372
w=3,heavy,8.712899987585843,0.7565,NANO,0,False,False,0.372
w=3,heavy,10.263399977702647,0.7222,NANO,0,False,False,0.372
w=3,heavy,9.1829999582842,0.7213,NANO,0,False,False,0.372
w=3,heavy,9.827699977904558,0.6817,NANO,0,False,False,0.372
w=3,heavy,9.125599986873567,0.7409,NANO,0,False,False,0.372
w=3,heavy,8.734399976674467,0.731,NANO,0,False,False,0.372
w=3,heavy,9.030200017150491,0.7448,NANO,0,False,False,0.372
w=3,heavy,9.257400000933558,0.7334,NANO,0,False,False,0.372
w=3,heavy,10.370799980591983,0.7003,NANO,0,False,False,0.372
w=3,heavy,10.644800029695034,0.6845,NANO,0,False,False,0.372
w=3,heavy,9.789999981876463,0.7186,NANO,0,False,False,0.372
w=3,heavy,10.40219998685643,0.688,NANO,0,False,False,0.372
w=3,heavy,10.56969998171553,0.7542,NANO,0,False,False,0.372
w=3,heavy,8.52059997851029,0.7112,NANO,0,False,False,0.372
w=3,heavy,8.803299977444112,0.76,NANO,0,False,False,0.372
w=3,heavy,8.924200024921447,0.7364,NANO,0,False,False,0.372
w=3,heavy,9.117399982642382,0.6935,NANO,0,False,False,0.372
w=3,heavy,9.887600026559085,0.724,NANO,0,False,False,0.372
w=3,heavy,8.448699954897165,0.7021,NANO,0,False,False,0.372
w=3,heavy,8.790199994109571,0.7312,NANO,0,False,False,0.372
w=3,heavy,8.866999996826053,0.753,NANO,0,False,False,0.372
w=3,heavy,9.423899988178164,0.6866,NANO,0,False,False,0.372
w=3,heavy,8.776699949521571,0.767,NANO,0,False,False,0.372
w=3,heavy,9.016699972562492,0.7054,NANO,0,False,False,0.372
w=3,heavy,9.385599987581372,0.6437,NANO,0,False,False,0.372
w=3,heavy,8.955199969932437,0.7395,NANO,0,False,False,0.372
w=3,heavy,8.586399955675006,0.7164,NANO,0,False,False,0.372
w=3,heavy,9.555399999953806,0.698,NANO,0,False,False,0.372
w=3,heavy,10.611700010485947,0.7646,NANO,0,False,False,0.372
w=3,heavy,9.467900032177567,0.6997,NANO,0,False,False,0.372
w=3,heavy,8.764400030486286,0.695,NANO,0,False,False,0.372
w=3,heavy,11.109600018244237,0.7538,NANO,0,False,False,0.372
w=3,heavy,10.730199981480837,0.7514,NANO,0,False,False,0.372
w=3,heavy,8.841000031679869,0.7827,NANO,0,False,False,0.372
w=3,heavy,8.59169999603182,0.7327,NANO,0,False,False,0.372
w=3,heavy,8.832999970763922,0.6999,NANO,0,False,False,0.372
w=3,heavy,9.487300005275756,0.752,NANO,0,False,False,0.372
w=3,heavy,11.038500000722706,0.7126,NANO,0,False,False,0.372
w=3,heavy,9.703499963507056,0.7718,NANO,0,False,False,0.372
w=3,heavy,12.460099998861551,0.6582,NANO,0,False,False,0.372
w=3,heavy,11.131000006571412,0.7252,NANO,0,False,False,0.372
w=3,heavy,10.700100043322891,0.7123,NANO,0,False,False,0.372
w=3,heavy,13.251000025775284,0.7308,NANO,0,False,False,0.372
w=3,heavy,10.119499987922609,0.7362,NANO,0,False,False,0.372
w=3,heavy,10.492999979760498,0.7184,NANO,0,False,False,0.372
w=3,heavy,9.494500001892447,0.7165,NANO,0,False,False,0.372
w=3,heavy,10.47049998305738,0.6925,NANO,0,False,False,0.372
w=3,heavy,11.680600000545382,0.7233,NANO,0,False,False,0.372
w=3,heavy,9.708500001579523,0.7447,NANO,0,False,False,0.372
w=3,heavy,8.468399988487363,0.7388,NANO,0,False,False,0.372
w=3,heavy,7.661700015887618,0.7313,NANO,0,False,False,0.372
w=3,heavy,8.13710002694279,0.7513,NANO,0,False,False,0.372
w=3,heavy,8.028200012631714,0.7243,NANO,0,False,False,0.372
w=3,heavy,9.15779999922961,0.6901,NANO,0,False,False,0.372
w=3,heavy,8.621599990874529,0.6488,NANO,0,False,False,0.372
w=3,heavy,8.538199996110052,0.7565,NANO,0,False,False,0.372
w=3,heavy,9.65249998262152,0.6862,NANO,0,False,False,0.372
w=3,heavy,19.590299983974546,0.7174,NANO,0,False,False,0.372
w=3,heavy,16.030600003432482,0.6908,NANO,0,False,False,0.372
w=3,heavy,16.172700037714094,0.6919,NANO,0,False,False,0.372
w=3,heavy,13.649100030306727,0.6901,NANO,0,False,False,0.372
w=3,heavy,14.254899986553937,0.7647,NANO,0,False,False,0.372
w=3,heavy,12.887299992144108,0.6853,NANO,0,False,False,0.372
w=3,heavy,16.2519000004977,0.7399,NANO,0,False,False,0.372
w=3,heavy,10.263199976179749,0.771,NANO,0,False,False,0.372
w=3,heavy,8.56230000499636,0.7289,NANO,0,False,False,0.372
w=3,heavy,8.252299972809851,0.7378,NANO,0,False,False,0.372
w=3,heavy,9.044300008099526,0.684,NANO,0,False,False,0.372
w=3,heavy,8.184700040146708,0.6969,NANO,0,False,False,0.372
w=3,heavy,8.275499974843115,0.7297,NANO,0,False,False,0.372
w=3,heavy,8.268599980510771,0.7118,NANO,0,False,False,0.372
w=3,heavy,8.15169996349141,0.7139,NANO,0,False,False,0.372
w=3,heavy,8.428700035437942,0.7208,NANO,0,False,False,0.372
w=3,heavy,8.256699948105961,0.7573,NANO,0,False,False,0.372
w=3,heavy,8.267100027296692,0.6817,NANO,0,False,False,0.372
w=3,heavy,8.354899997357279,0.6872,NANO,0,False,False,0.372
w=3,heavy,8.197400020435452,0.6773,NANO,0,False,False,0.372
w=3,heavy,9.229500021319836,0.7241,NANO,0,False,False,0.372
w=3,heavy,9.798599989153445,0.6716,NANO,0,False,False,0.372
w=3,heavy,9.908500011079013,0.7185,NANO,0,False,False,0.372
w=3,heavy,9.682899981271476,0.7382,NANO,0,False,False,0.372
w=3,heavy,7.811899995431304,0.7142,NANO,0,False,False,0.372
w=3,heavy,8.50300001911819,0.7583,NANO,0,False,False,0.372
w=3,heavy,7.388499972876161,0.6887,NANO,0,False,False,0.372
w=3,heavy,7.867600012104958,0.6886,NANO,0,False,False,0.372
w=3,heavy,7.698300003539771,0.7101,NANO,0,False,False,0.372
w=3,heavy,8.6435999837704,0.6846,NANO,0,False,False,0.372
w=3,heavy,8.082000014837831,0.7375,NANO,0,False,False,0.372
w=3,heavy,8.393900003284216,0.763,NANO,0,False,False,0.372
w=3,heavy,8.191099972464144,0.7827,NANO,0,False,False,0.372
w=3,heavy,8.143500017467886,0.7637,NANO,0,False,False,0.372
w=3,heavy,8.548400015570223,0.743,NANO,0,False,False,0.372
w=3,heavy,8.264800009783357,0.7291,NANO,0,False,False,0.372
w=4,moderate,34.36099999817088,0.5284,SMALL,0,False,False,0.448
w=4,moderate,35.9908000100404,0.5427,SMALL,0,False,False,0.448
w=4,moderate,42.564200004562736,0.5582,SMALL,0,False,False,0.448
w=4,moderate,43.60099998302758,0.5103,SMALL,0,False,False,0.448
w=4,moderate,44.35739998007193,0.5125,SMALL,0,False,False,0.448
w=4,moderate,31.978700018953532,0.5448,SMALL,0,False,False,0.448
w=4,moderate,37.13079995941371,0.5371,SMALL,0,False,False,0.448
w=4,moderate,43.038300005719066,0.5245,SMALL,0,False,False,0.448
w=4,moderate,38.33549999399111,0.4799,SMALL,0,False,False,0.448
w=4,moderate,40.4658000334166,0.5401,SMALL,0,False,False,0.448
w=4,moderate,36.341700004413724,0.5429,SMALL,0,False,False,0.448
w=4,moderate,34.30479997768998,0.5518,SMALL,0,False,False,0.448
w=4,moderate,30.879200028721243,0.5155,SMALL,0,False,False,0.448
w=4,moderate,34.53600005013868,0.5251,SMALL,0,False,False,0.448
w=4,moderate,36.861500004306436,0.4902,SMALL,0,False,False,0.448
w=4,moderate,43.82979997899383,0.506,SMALL,0,False,False,0.448
w=4,moderate,29.57740001147613,0.5222,SMALL,0,False,False,0.448
w=4,moderate,30.686500016599894,0.537,SMALL,0,False,False,0.448
w=4,moderate,31.16389998467639,0.5284,SMALL,0,False,False,0.448
w=4,moderate,33.47740002209321,0.514,SMALL,0,False,False,0.448
w=4,moderate,31.990399991627783,0.598,SMALL,0,False,False,0.448
w=4,moderate,35.55450000567362,0.5353,SMALL,0,False,False,0.448
w=4,moderate,39.57550000632182,0.5613,SMALL,0,False,False,0.448
w=4,moderate,35.73290002532303,0.5667,SMALL,0,False,False,0.448
w=4,moderate,34.83079996658489,0.4533,SMALL,0,False,False,0.448
w=4,moderate,35.095500003080815,0.5296,SMALL,0,False,False,0.448
w=4,moderate,35.87760002119467,0.5233,SMALL,0,False,False,0.448
w=4,moderate,34.454100008588284,0.5259,SMALL,0,False,False,0.448
w=4,moderate,30.1385999773629,0.5543,SMALL,0,False,False,0.448
w=4,moderate,31.272499996703118,0.4924,SMALL,0,False,False,0.448
w=4,moderate,31.855400011409074,0.5533,SMALL,0,False,False,0.448
w=4,moderate,31.399199971929193,0.5238,SMALL,0,False,False,0.448
w=4,moderate,33.077700005378574,0.4812,SMALL,0,False,False,0.448
w=4,moderate,34.81469996040687,0.5602,SMALL,0,False,False,0.448
w=4,moderate,33.34799996810034,0.5423,SMALL,0,False,False,0.448
w=4,moderate,44.84689998207614,0.4856,SMALL,0,False,False,0.448
w=4,moderate,31.43670002464205,0.5762,SMALL,0,False,False,0.448
w=4,moderate,31.600100046489388,0.5114,SMALL,0,False,False,0.448
w=4,moderate,31.45160002168268,0.503,SMALL,0,False,False,0.448
w=4,moderate,33.26670004753396,0.532,SMALL,0,False,False,0.448
w=4,moderate,31.840400013606995,0.5338,SMALL,0,False,False,0.448
w=4,moderate,30.92410002136603,0.4923,SMALL,0,False,False,0.448
w=4,moderate,31.491099973209202,0.5568,SMALL,0,False,False,0.448
w=4,moderate,30.85749997990206,0.4937,SMALL,0,False,False,0.448
w=4,moderate,37.26379998261109,0.5183,SMALL,0,False,False,0.448
w=4,moderate,32.79820003081113,0.4501,SMALL,0,False,False,0.448
w=4,moderate,33.69030001340434,0.5176,SMALL,0,False,False,0.448
w=4,moderate,32.48359996359795,0.4752,SMALL,0,False,False,0.448
w=4,moderate,33.71110005537048,0.5476,SMALL,0,False,False,0.448
w=4,moderate,30.681799980811775,0.5174,SMALL,0,False,False,0.448
w=4,moderate,31.523699988611042,0.4949,SMALL,0,False,False,0.448
w=4,moderate,31.383799971081316,0.5414,SMALL,0,False,False,0.448
w=4,moderate,31.314500025473535,0.4913,SMALL,0,False,False,0.448
w=4,moderate,30.301299993880093,0.4616,SMALL,0,False,False,0.448
w=4,moderate,30.92390001984313,0.5375,SMALL,0,False,False,0.448
w=4,moderate,33.60289998818189,0.5349,SMALL,0,False,False,0.448
w=4,moderate,30.670300009660423,0.4983,SMALL,0,False,False,0.448
w=4,moderate,30.945100006647408,0.4974,SMALL,0,False,False,0.448
w=4,moderate,31.46800003014505,0.5402,SMALL,0,False,False,0.448
w=4,moderate,41.33640002692118,0.5619,SMALL,0,False,False,0.448
w=4,moderate,34.715999965555966,0.5307,SMALL,0,False,False,0.448
w=4,moderate,33.08670001570135,0.5272,SMALL,0,False,False,0.448
w=4,moderate,32.06320002209395,0.4955,SMALL,0,False,False,0.448
w=4,moderate,34.3095000134781,0.5308,SMALL,0,False,False,0.448
w=4,moderate,32.56150003289804,0.4974,SMALL,0,False,False,0.448
w=4,moderate,32.5654000043869,0.447,SMALL,0,False,False,0.448
w=4,moderate,37.70139999687672,0.5036,SMALL,0,False,False,0.448
w=4,moderate,38.89510000590235,0.5495,SMALL,0,False,False,0.448
w=4,moderate,38.71090000029653,0.5731,SMALL,0,False,False,0.448
w=4,moderate,30.399999988730997,0.4761,SMALL,0,False,False,0.448
w=4,moderate,31.636100029572845,0.5927,SMALL,0,False,False,0.448
w=4,moderate,37.485699984245,0.5808,SMALL,0,False,False,0.448
w=4,moderate,30.631200002972037,0.4816,SMALL,0,False,False,0.448
w=4,moderate,33.750300004612654,0.5011,SMALL,0,False,False,0.448
w=4,moderate,35.999200015794486,0.4525,SMALL,0,False,False,0.448
w=4,moderate,31.633400009013712,0.4874,SMALL,0,False,False,0.448
w=4,moderate,32.004899985622615,0.4807,SMALL,0,False,False,0.448
w=4,moderate,36.76869999617338,0.5783,SMALL,0,False,False,0.448
w=4,moderate,35.54840001743287,0.5395,SMALL,0,False,False,0.448
w=4,moderate,33.33639999618754,0.5041,SMALL,0,False,False,0.448
w=4,moderate,31.03489999193698,0.5726,SMALL,0,False,False,0.448
w=4,moderate,31.294799991883337,0.4523,SMALL,0,False,False,0.448
w=4,moderate,31.092100020032376,0.5309,SMALL,0,False,False,0.448
w=4,moderate,33.603499992750585,0.5123,SMALL,0,False,False,0.448
w=4,moderate,30.95639997627586,0.5472,SMALL,0,False,False,0.448
w=4,moderate,34.93779996642843,0.5393,SMALL,0,False,False,0.448
w=4,moderate,45.31499999575317,0.4972,SMALL,0,False,False,0.448
w=4,moderate,64.26740001188591,0.535,SMALL,0,False,False,0.448
w=4,moderate,48.607899982016534,0.5126,SMALL,0,False,False,0.448
w=4,moderate,36.520800029393286,0.4884,SMALL,0,False,False,0.448
w=4,moderate,38.17250003339723,0.4886,SMALL,0,False,False,0.448
w=4,moderate,32.44560002349317,0.4992,SMALL,0,False,False,0.448
w=4,moderate,35.25730001274496,0.5177,SMALL,0,False,False,0.448
w=4,moderate,35.73479998158291,0.5176,SMALL,0,False,False,0.448
w=4,moderate,34.10489996895194,0.5259,SMALL,0,False,False,0.448
w=4,moderate,38.368500012438744,0.5174,SMALL,0,False,False,0.448
w=4,moderate,32.889499969314784,0.5585,SMALL,0,False,False,0.448
w=4,moderate,33.65009999834001,0.4607,SMALL,0,False,False,0.448
w=4,moderate,31.78349998779595,0.5347,SMALL,0,False,False,0.448
w=4,moderate,31.287799996789545,0.4953,SMALL,0,False,False,0.448
w=4,heavy,8.440100005827844,0.7606,NANO,0,False,True,0.372
w=4,heavy,9.265400003641844,0.7016,NANO,0,False,False,0.372
w=4,heavy,10.178299969993532,0.7313,NANO,0,False,False,0.372
w=4,heavy,10.877399996388704,0.6878,NANO,0,False,False,0.372
w=4,heavy,11.536200006958097,0.7135,NANO,0,False,False,0.372
w=4,heavy,11.025400017388165,0.7177,NANO,0,False,False,0.372
w=4,heavy,9.388600010424852,0.7191,NANO,0,False,False,0.372
w=4,heavy,8.744000049773604,0.7652,NANO,0,False,False,0.372
w=4,heavy,9.296800009906292,0.6535,NANO,0,False,False,0.372
w=4,heavy,8.809400023892522,0.7119,NANO,0,False,False,0.372
w=4,heavy,9.93270002072677,0.7062,NANO,0,False,False,0.372
w=4,heavy,9.242100000847131,0.7377,NANO,0,False,False,0.372
w=4,heavy,9.409099991898984,0.6947,NANO,0,False,False,0.372
w=4,heavy,10.019299981649965,0.733,NANO,0,False,False,0.372
w=4,heavy,11.188399977982044,0.7043,NANO,0,False,False,0.372
w=4,heavy,9.403900010511279,0.7244,NANO,0,False,False,0.372
w=4,heavy,8.839800022542477,0.7077,NANO,0,False,False,0.372
w=4,heavy,9.318600001279265,0.7717,NANO,0,False,False,0.372
w=4,heavy,9.215899975970387,0.7017,NANO,0,False,False,0.372
w=4,heavy,8.873999991919845,0.7328,NANO,0,False,False,0.372
w=4,heavy,10.115200013387948,0.723,NANO,0,False,False,0.372
w=4,heavy,8.808800019323826,0.6983,NANO,0,False,False,0.372
w=4,heavy,8.655000012367964,0.7465,NANO,0,False,False,0.372
w=4,heavy,9.267499961424619,0.695,NANO,0,False,False,0.372
w=4,heavy,8.917499973904341,0.7387,NANO,0,False,False,0.372
w=4,heavy,9.41860000602901,0.7514,NANO,0,False,False,0.372
w=4,heavy,8.871400030329823,0.774,NANO,0,False,False,0.372
w=4,heavy,11.856400000397116,0.7511,NANO,0,False,False,0.372
w=4,heavy,8.733000024221838,0.7261,NANO,0,False,False,0.372
w=4,heavy,8.491299988236278,0.7111,NANO,0,False,False,0.372
w=4,heavy,9.54160001128912,0.7591,NANO,0,False,False,0.372
w=4,heavy,9.402099996805191,0.7108,NANO,0,False,False,0.372
w=4,heavy,8.559399982914329,0.6863,NANO,0,False,False,0.372
w=4,heavy,9.161899972241372,0.6868,NANO,0,False,False,0.372
w=4,heavy,10.370400035753846,0.6571,NANO,0,False,False,0.372
w=4,heavy,8.967599947936833,0.7065,NANO,0,False,False,0.372
w=4,heavy,8.494400011841208,0.7387,NANO,0,False,False,0.372
w=4,heavy,8.627799979876727,0.7515,NANO,0,False,False,0.372
w=4,heavy,8.67790001211688,0.7102,NANO,0,False,False,0.372
w=4,heavy,8.99050000589341,0.7029,NANO,0,False,False,0.372
w=4,heavy,8.157000003848225,0.7272,NANO,0,False,False,0.372
w=4,heavy,8.782399992924184,0.7277,NANO,0,False,False,0.372
w=4,heavy,10.272799991071224,0.7455,NANO,0,False,False,0.372
w=4,heavy,11.235699988901615,0.7355,NANO,0,False,False,0.372
w=4,heavy,10.611700010485947,0.7357,NANO,0,False,False,0.372
w=4,heavy,12.839799979701638,0.7164,NANO,0,False,False,0.372
w=4,heavy,9.293899987824261,0.723,NANO,0,False,False,0.372
w=4,heavy,12.597599998116493,0.7283,NANO,0,False,False,0.372
w=4,heavy,13.727499986998737,0.7652,NANO,0,False,False,0.372
w=4,heavy,13.209700002335012,0.771,NANO,0,False,False,0.372
w=4,heavy,14.028600009623915,0.7429,NANO,0,False,False,0.372
w=4,heavy,12.920700013637543,0.7135,NANO,0,False,False,0.372
w=4,heavy,8.144900028128177,0.7173,NANO,0,False,False,0.372
w=4,heavy,7.740499975625426,0.7647,NANO,0,False,False,0.372
w=4,heavy,7.687399978749454,0.7008,NANO,0,False,False,0.372
w=4,heavy,8.153499977197498,0.7402,NANO,0,False,False,0.372
w=4,heavy,8.237899979576468,0.7028,NANO,0,False,False,0.372
w=4,heavy,8.746400009840727,0.7236,NANO,0,False,False,0.372
w=4,heavy,8.276700042188168,0.7667,NANO,0,False,False,0.372
w=4,heavy,7.7485000365413725,0.6808,NANO,0,False,False,0.372
w=4,heavy,8.010399993509054,0.7203,NANO,0,False,False,0.372
w=4,heavy,8.166000014171004,0.7369,NANO,0,False,False,0.372
w=4,heavy,9.40380000974983,0.7563,NANO,0,False,False,0.372
w=4,heavy,9.322800033260137,0.7274,NANO,0,False,False,0.372
w=4,heavy,9.202499990351498,0.7175,NANO,0,False,False,0.372
w=4,heavy,9.438899985980242,0.7313,NANO,0,False,False,0.372
w=4,heavy,9.493599995039403,0.7335,NANO,0,False,False,0.372
w=4,heavy,7.814500015228987,0.742,NANO,0,False,False,0.372
w=4,heavy,9.38160001533106,0.7233,NANO,0,False,False,0.372
w=4,heavy,9.860799997113645,0.7414,NANO,0,False,False,0.372
w=4,heavy,9.605999977793545,0.7699,NANO,0,False,False,0.372
w=4,heavy,9.770100004971027,0.7452,NANO,0,False,False,0.372
w=4,heavy,9.469499986153096,0.7111,NANO,0,False,False,0.372
w=4,heavy,9.871100017335266,0.7419,NANO,0,False,False,0.372
w=4,heavy,10.332299978472292,0.6621,NANO,0,False,False,0.372
w=4,heavy,8.254399988800287,0.7142,NANO,0,False,False,0.372
w=4,heavy,9.500599990133196,0.7014,NANO,0,False,False,0.372
w=4,heavy,10.124899970833212,0.7222,NANO,0,False,False,0.372
w=4,heavy,10.343800007831305,0.7178,NANO,0,False,False,0.372
w=4,heavy,10.589400015305728,0.6712,NANO,0,False,False,0.372
w=4,heavy,10.360299958847463,0.6891,NANO,0,False,False,0.372
w=4,heavy,10.64400002360344,0.6958,NANO,0,False,False,0.372
w=4,heavy,9.242000000085682,0.7124,NANO,0,False,False,0.372
w=4,heavy,9.06890002079308,0.6913,NANO,0,False,False,0.372
w=4,heavy,10.187299980316311,0.7109,NANO,0,False,False,0.372
w=4,heavy,9.930400003213435,0.747,NANO,0,False,False,0.372
w=4,heavy,8.866199990734458,0.7184,NANO,0,False,False,0.372
w=4,heavy,9.882600046694279,0.7458,NANO,0,False,False,0.372
w=4,heavy,9.959900053218007,0.6959,NANO,0,False,False,0.372
w=4,heavy,9.713200037367642,0.6584,NANO,0,False,False,0.372
w=4,heavy,10.01259998884052,0.754,NANO,0,False,False,0.372
w=4,heavy,9.446099982596934,0.7344,NANO,0,False,False,0.372
w=4,heavy,9.343300014734268,0.7228,NANO,0,False,False,0.372
w=4,heavy,9.294999996200204,0.7641,NANO,0,False,False,0.372
w=4,heavy,7.968400022946298,0.7507,NANO,0,False,False,0.372
w=4,heavy,8.029200020246208,0.6822,NANO,0,False,False,0.372
w=4,heavy,7.835800002794713,0.7252,NANO,0,False,False,0.372
w=4,heavy,8.033200050704181,0.7159,NANO,0,False,False,0.372
w=4,heavy,8.454700000584126,0.7304,NANO,0,False,False,0.372
w=4,heavy,8.068400027696043,0.7359,NANO,0,False,False,0.372
w=5,moderate,41.11920000286773,0.5249,SMALL,0,False,False,0.448
w=5,moderate,31.077499967068434,0.5384,SMALL,0,False,False,0.448
w=5,moderate,31.266000005416572,0.4648,SMALL,0,False,False,0.448
w=5,moderate,31.36870003072545,0.4931,SMALL,0,False,False,0.448
w=5,moderate,31.42630000365898,0.504,SMALL,0,False,False,0.448
w=5,moderate,32.597399957012385,0.5141,SMALL,0,False,False,0.448
w=5,moderate,33.02390000317246,0.5733,SMALL,0,False,False,0.448
w=5,moderate,33.81769999396056,0.5793,SMALL,0,False,False,0.448
w=5,moderate,40.77109997160733,0.5022,SMALL,0,False,False,0.448
w=5,moderate,30.78189998632297,0.5189,SMALL,0,False,False,0.448
w=5,moderate,35.090199962724,0.4921,SMALL,0,False,False,0.448
w=5,moderate,39.59880000911653,0.528,SMALL,0,False,False,0.448
w=5,moderate,35.04039999097586,0.5134,SMALL,0,False,False,0.448
w=5,moderate,30.209599994122982,0.5747,SMALL,0,False,False,0.448
w=5,moderate,32.71280002081767,0.4906,SMALL,0,False,False,0.448
w=5,moderate,32.07370004383847,0.558,SMALL,0,False,False,0.448
w=5,moderate,31.039999972563237,0.4767,SMALL,0,False,False,0.448
w=5,moderate,34.80999998282641,0.4938,SMALL,0,False,False,0.448
w=5,moderate,39.293000008910894,0.4854,SMALL,0,False,False,0.448
w=5,moderate,34.82709999661893,0.5356,SMALL,0,False,False,0.448
w=5,moderate,33.458499994594604,0.5071,SMALL,0,False,False,0.448
w=5,moderate,31.243200006429106,0.4414,SMALL,0,False,False,0.448
w=5,moderate,35.32429999904707,0.5634,SMALL,0,False,False,0.448
w=5,moderate,32.50239999033511,0.583,SMALL,0,False,False,0.448
w=5,moderate,33.40529999695718,0.5107,SMALL,0,False,False,0.448
w=5,moderate,33.653699967544526,0.5231,SMALL,0,False,False,0.448
w=5,moderate,31.44849999807775,0.5144,SMALL,0,False,False,0.448
w=5,moderate,32.24580001551658,0.542,SMALL,0,False,False,0.448
w=5,moderate,32.918900018557906,0.5248,SMALL,0,False,False,0.448
w=5,moderate,30.972199980169535,0.5125,SMALL,0,False,False,0.448
w=5,moderate,30.875800002831966,0.4756,SMALL,0,False,False,0.448
w=5,moderate,33.4411000367254,0.5469,SMALL,0,False,False,0.448
w=5,moderate,30.859599995892495,0.521,SMALL,0,False,False,0.448
w=5,moderate,40.921100007835776,0.5181,SMALL,0,False,False,0.448
w=5,moderate,32.44989999802783,0.5552,SMALL,0,False,False,0.448
w=5,moderate,32.858400023542345,0.5568,SMALL,0,False,False,0.448
w=5,moderate,32.17449999647215,0.5566,SMALL,0,False,False,0.448
w=5,moderate,32.66619995702058,0.5099,SMALL,0,False,False,0.448
w=5,moderate,33.18349999608472,0.4665,SMALL,0,False,False,0.448
w=5,moderate,34.82239996083081,0.5327,SMALL,0,False,False,0.448
w=5,moderate,38.59299997566268,0.5239,SMALL,0,False,False,0.448
w=5,moderate,29.934699996374547,0.5542,SMALL,0,False,False,0.448
w=5,moderate,32.707299978937954,0.5244,SMALL,0,False,False,0.448
w=5,moderate,40.922800020780414,0.5759,SMALL,0,False,False,0.448
w=5,moderate,41.803000029176474,0.5767,SMALL,0,False,False,0.448
w=5,moderate,40.44780001277104,0.5448,SMALL,0,False,False,0.448
w=5,moderate,40.532999963033944,0.5448,SMALL,0,False,False,0.448
w=5,moderate,8.758099982514977,0.5545,NANO,0,False,True,0.372
w=5,moderate,7.786600035615265,0.5179,NANO,0,False,False,0.372
w=5,moderate,8.509199949912727,0.5011,NANO,0,False,False,0.372
w=5,moderate,8.152500027790666,0.5074,NANO,0,False,False,0.372
w=5,moderate,7.824599975720048,0.539,NANO,0,False,False,0.372
w=5,moderate,32.722100033424795,0.5208,SMALL,0,False,True,0.448
w=5,moderate,36.71969997230917,0.5234,SMALL,0,False,False,0.448
w=5,moderate,36.52750002220273,0.5139,SMALL,0,False,False,0.448
w=5,moderate,42.02749999240041,0.5791,SMALL,0,False,False,0.448
w=5,moderate,33.753300027456135,0.5168,SMALL,0,False,False,0.448
w=5,moderate,31.941100023686886,0.5254,SMALL,0,False,False,0.448
w=5,moderate,33.15400000428781,0.5245,SMALL,0,False,False,0.448
w=5,moderate,33.4842000156641,0.5117,SMALL,0,False,False,0.448
w=5,moderate,33.628599951043725,0.4648,SMALL,0,False,False,0.448
w=5,moderate,33.27049996005371,0.5061,SMALL,0,False,False,0.448
w=5,moderate,32.521900022402406,0.4958,SMALL,0,False,False,0.448
w=5,moderate,34.02229998027906,0.5091,SMALL,0,False,False,0.448
w=5,moderate,33.47100003156811,0.4821,SMALL,0,False,False,0.448
w=5,moderate,34.3954999698326,0.5333,SMALL,0,False,False,0.448
w=5,moderate,42.60660003637895,0.4666,SMALL,0,False,False,0.448
w=5,moderate,47.91059996932745,0.5089,SMALL,0,False,False,0.448
w=5,moderate,43.12170000048354,0.5392,SMALL,0,False,False,0.448
w=5,moderate,31.107100017834455,0.5409,SMALL,0,False,False,0.448
w=5,moderate,33.418099978007376,0.5218,SMALL,0,False,False,0.448
w=5,moderate,34.454000007826835,0.5424,SMALL,0,False,False,0.448
w=5,moderate,40.23300000699237,0.5002,SMALL,0,False,False,0.448
w=5,moderate,36.0647999914363,0.4876,SMALL,0,False,False,0.448
w=5,moderate,30.376399983651936,0.4969,SMALL,0,False,False,0.448
w=5,moderate,34.719200048130006,0.523,SMALL,0,False,False,0.448
w=5,moderate,30.95799998845905,0.4708,SMALL,0,False,False,0.448
w=5,moderate,41.76659998483956,0.5606,SMALL,0,False,False,0.448
w=5,moderate,33.63280004123226,0.4961,SMALL,0,False,False,0.448
w=5,moderate,35.22540000267327,0.577,SMALL,0,False,False,0.448
w=5,moderate,39.1131000360474,0.4632,SMALL,0,False,False,0.448
w=5,moderate,39.4052000483498,0.538,SMALL,0,False,False,0.448
w=5,moderate,39.92660000221804,0.4976,SMALL,0,False,False,0.448
w=5,moderate,39.56770000513643,0.5053,SMALL,0,False,False,0.448
w=5,moderate,32.9624000005424,0.5506,SMALL,0,False,False,0.448
w=5,moderate,30.831900017801672,0.4983,SMALL,0,False,False,0.448
w=5,moderate,32.79119997750968,0.5142,SMALL,0,False,False,0.448
w=5,moderate,30.47050000168383,0.5686,SMALL,0,False,False,0.448
w=5,moderate,30.769100005272776,0.5275,SMALL,0,False,False,0.448
w=5,moderate,40.71800003293902,0.4676,SMALL,0,False,False,0.448
w=5,moderate,33.66700001060963,0.5381,SMALL,0,False,False,0.448
w=5,moderate,30.51810001488775,0.5015,SMALL,0,False,False,0.448
w=5,moderate,30.757299973629415,0.4768,SMALL,0,False,False,0.448
w=5,moderate,33.07539998786524,0.5076,SMALL,0,False,False,0.448
w=5,moderate,37.3867999878712,0.5353,SMALL,0,False,False,0.448
w=5,moderate,51.314900047145784,0.5172,SMALL,0,False,False,0.448
w=5,moderate,40.56739999214187,0.5488,SMALL,0,False,False,0.448
w=5,moderate,39.57110003102571,0.5253,SMALL,0,False,False,0.448
w=5,moderate,31.791899993550032,0.5364,SMALL,0,False,False,0.448
w=5,moderate,30.69439996033907,0.5209,SMALL,0,False,False,0.448
w=5,heavy,9.085599973332137,0.6934,NANO,0,False,True,0.372
w=5,heavy,10.207500017713755,0.6671,NANO,0,False,False,0.372
w=5,heavy,8.757299976423383,0.6633,NANO,0,False,False,0.372
w=5,heavy,9.598199976608157,0.7321,NANO,0,False,False,0.372
w=5,heavy,10.627900017425418,0.6845,NANO,0,False,False,0.372
w=5,heavy,9.497699968051165,0.7019,NANO,0,False,False,0.372
w=5,heavy,10.136500000953674,0.7176,NANO,0,False,False,0.372
w=5,heavy,9.970300015993416,0.7336,NANO,0,False,False,0.372
w=5,heavy,10.40079997619614,0.7025,NANO,0,False,False,0.372
w=5,heavy,9.841199964284897,0.744,NANO,0,False,False,0.372
w=5,heavy,8.87339998735115,0.7192,NANO,0,False,False,0.372
w=5,heavy,9.749600023496896,0.7478,NANO,0,False,False,0.372
w=5,heavy,9.754099999554455,0.7048,NANO,0,False,False,0.372
w=5,heavy,10.447400039993227,0.7698,NANO,0,False,False,0.372
w=5,heavy,9.078300034161657,0.7183,NANO,0,False,False,0.372
w=5,heavy,9.268199966754764,0.697,NANO,0,False,False,0.372
w=5,heavy,8.918400038965046,0.7189,NANO,0,False,False,0.372
w=5,heavy,11.123499949462712,0.7414,NANO,0,False,False,0.372
w=5,heavy,8.862600021529943,0.78,NANO,0,False,False,0.372
w=5,heavy,8.735900046303868,0.7547,NANO,0,False,False,0.372
w=5,heavy,8.671500021591783,0.7034,NANO,0,False,False,0.372
w=5,heavy,9.191399964038283,0.7386,NANO,0,False,False,0.372
w=5,heavy,8.702199964318424,0.6291,NANO,0,False,False,0.372
w=5,heavy,9.083000011742115,0.666,NANO,0,False,False,0.372
w=5,heavy,8.925999980419874,0.7427,NANO,0,False,False,0.372
w=5,heavy,8.945200010202825,0.7434,NANO,0,False,False,0.372
w=5,heavy,8.87620000867173,0.779,NANO,0,False,False,0.372
w=5,heavy,9.245499968528748,0.7284,NANO,0,False,False,0.372
w=5,heavy,9.254599979612976,0.6895,NANO,0,False,False,0.372
w=5,heavy,9.266200009733438,0.7436,NANO,0,False,False,0.372
w=5,heavy,9.291000023949891,0.6745,NANO,0,False,False,0.372
w=5,heavy,10.715799988247454,0.7432,NANO,0,False,False,0.372
w=5,heavy,12.903099996037781,0.7429,NANO,0,False,False,0.372
w=5,heavy,8.845500007737428,0.7171,NANO,0,False,False,0.372
w=5,heavy,8.51329998113215,0.734,NANO,0,False,False,0.372
w=5,heavy,8.466299972496927,0.8064,NANO,0,False,False,0.372
w=5,heavy,8.679900027345866,0.7664,NANO,0,False,False,0.372
w=5,heavy,8.79190000705421,0.6632,NANO,0,False,False,0.372
w=5,heavy,8.819799986667931,0.716,NANO,0,False,False,0.372
w=5,heavy,8.67619999917224,0.6871,NANO,0,False,False,0.372
w=5,heavy,11.588499997742474,0.7235,NANO,0,False,False,0.372
w=5,heavy,9.484399983193725,0.7163,NANO,0,False,False,0.372
w=5,heavy,9.581400023307651,0.7508,NANO,0,False,False,0.372
w=5,heavy,8.822700008749962,0.7495,NANO,0,False,False,0.372
w=5,heavy,8.265400014352053,0.7079,NANO,0,False,False,0.372
w=5,heavy,8.808000013232231,0.7515,NANO,0,False,False,0.372
w=5,heavy,8.369099989067763,0.6879,NANO,0,False,False,0.372
w=5,heavy,8.341700013261288,0.6587,NANO,0,False,False,0.372
w=5,heavy,8.330900047440082,0.7353,NANO,0,False,False,0.372
w=5,heavy,10.254800028633326,0.7784,NANO,0,False,False,0.372
w=5,heavy,10.006199998315424,0.7273,NANO,0,False,False,0.372
w=5,heavy,9.894199960399419,0.7226,NANO,0,False,False,0.372
w=5,heavy,10.460400022566319,0.7476,NANO,0,False,False,0.372
w=5,heavy,10.18899999326095,0.7466,NANO,0,False,False,0.372
w=5,heavy,10.035199986305088,0.7198,NANO,0,False,False,0.372
w=5,heavy,9.99039999442175,0.6881,NANO,0,False,False,0.372
w=5,heavy,10.349199990741909,0.682,NANO,0,False,False,0.372
w=5,heavy,11.413300002459437,0.7096,NANO,0,False,False,0.372
w=5,heavy,10.371599986683577,0.7119,NANO,0,False,False,0.372
w=5,heavy,10.776299983263016,0.7224,NANO,0,False,False,0.372
w=5,heavy,9.835699980612844,0.7466,NANO,0,False,False,0.372
w=5,heavy,10.746299987658858,0.6693,NANO,0,False,False,0.372
w=5,heavy,9.795499965548515,0.6822,NANO,0,False,False,0.372
w=5,heavy,9.642499964684248,0.7068,NANO,0,False,False,0.372
w=5,heavy,9.46299999486655,0.7316,NANO,0,False,False,0.372
w=5,heavy,9.495400008745492,0.7207,NANO,0,False,False,0.372
w=5,heavy,9.250200004316866,0.7363,NANO,0,False,False,0.372
w=5,heavy,9.42299998132512,0.703,NANO,0,False,False,0.372
w=5,heavy,9.219600004144013,0.6948,NANO,0,False,False,0.372
w=5,heavy,9.004699997603893,0.7349,NANO,0,False,False,0.372
w=5,heavy,9.598599979653955,0.6685,NANO,0,False,False,0.372
w=5,heavy,10.030900011770427,0.7468,NANO,0,False,False,0.372
w=5,heavy,9.901899960823357,0.7413,NANO,0,False,False,0.372
w=5,heavy,9.721400041598827,0.7734,NANO,0,False,False,0.372
w=5,heavy,8.404099964536726,0.7017,NANO,0,False,False,0.372
w=5,heavy,8.016699983272702,0.6758,NANO,0,False,False,0.372
w=5,heavy,8.014900027774274,0.7224,NANO,0,False,False,0.372
w=5,heavy,8.515800000168383,0.7307,NANO,0,False,False,0.372
w=5,heavy,8.276799984741956,0.6933,NANO,0,False,False,0.372
w=5,heavy,7.9811999457888305,0.6571,NANO,0,False,False,0.372
w=5,heavy,8.132299990393221,0.7639,NANO,0,False,False,0.372
w=5,heavy,8.213700028136373,0.6985,NANO,0,False,False,0.372
w=5,heavy,8.78419994842261,0.7064,NANO,0,False,False,0.372
w=5,heavy,8.52969998959452,0.7315,NANO,0,False,False,0.372
w=5,heavy,8.520799980033189,0.726,NANO,0,False,False,0.372
w=5,heavy,8.32959997933358,0.6799,NANO,0,False,False,0.372
w=5,heavy,8.403999963775277,0.6733,NANO,0,False,False,0.372
w=5,heavy,8.310600009281188,0.7059,NANO,0,False,False,0.372
w=5,heavy,8.089599956292659,0.6844,NANO,0,False,False,0.372
w=5,heavy,7.978299981914461,0.6906,NANO,0,False,False,0.372
w=5,heavy,8.23340000351891,0.7127,NANO,0,False,False,0.372
w=5,heavy,7.598399999551475,0.7205,NANO,0,False,False,0.372
w=5,heavy,7.7529000118374825,0.7397,NANO,0,False,False,0.372
w=5,heavy,7.73840001784265,0.6423,NANO,0,False,False,0.372
w=5,heavy,8.27930000377819,0.784,NANO,0,False,False,0.372
w=5,heavy,7.9283000086434186,0.719,NANO,0,False,False,0.372
w=5,heavy,9.169399971142411,0.664,NANO,0,False,False,0.372
w=5,heavy,8.55919998139143,0.7119,NANO,0,False,False,0.372
w=5,heavy,7.91029998799786,0.7757,NANO,0,False,False,0.372
w=5,heavy,8.659200044348836,0.6858,NANO,0,False,False,0.372
w=7,moderate,32.5033999979496,0.5089,SMALL,0,False,False,0.448
w=7,moderate,35.261199984233826,0.5299,SMALL,0,False,False,0.448
w=7,moderate,37.03369997674599,0.5324,SMALL,0,False,False,0.448
w=7,moderate,36.029000009875745,0.5454,SMALL,0,False,False,0.448
w=7,moderate,38.998199976049364,0.4714,SMALL,0,False,False,0.448
w=7,moderate,37.29960002237931,0.5107,SMALL,0,False,False,0.448
w=7,moderate,37.95389999868348,0.5404,SMALL,0,False,False,0.448
w=7,moderate,32.63059997698292,0.5208,SMALL,0,False,False,0.448
w=7,moderate,30.677800008561462,0.5777,SMALL,0,False,False,0.448
w=7,moderate,31.422499974723905,0.5292,SMALL,0,False,False,0.448
w=7,moderate,32.50739997019991,0.5089,SMALL,0,False,False,0.448
w=7,moderate,32.430200022645295,0.5084,SMALL,0,False,False,0.448
w=7,moderate,32.612200011499226,0.5212,SMALL,0,False,False,0.448
w=7,moderate,31.86459996504709,0.4814,SMALL,0,False,False,0.448
w=7,moderate,31.410600000526756,0.5293,SMALL,0,False,False,0.448
w=7,moderate,35.23170005064458,0.5403,SMALL,0,False,False,0.448
w=7,moderate,31.04259999236092,0.5246,SMALL,0,False,False,0.448
w=7,moderate,31.99809999205172,0.5495,SMALL,0,False,False,0.448
w=7,moderate,32.12240000721067,0.5004,SMALL,0,False,False,0.448
w=7,moderate,40.298899984918535,0.469,SMALL,0,False,False,0.448
w=7,moderate,32.39130001747981,0.4574,SMALL,0,False,False,0.448
w=7,moderate,32.28069999022409,0.5403,SMALL,0,False,False,0.448
w=7,moderate,31.78759996080771,0.5284,SMALL,0,False,False,0.448
w=7,moderate,36.473600019235164,0.5235,SMALL,0,False,False,0.448
w=7,moderate,31.790199980605394,0.5101,SMALL,0,False,False,0.448
w=7,moderate,34.09039997495711,0.4852,SMALL,0,False,False,0.448
w=7,moderate,30.32870002789423,0.5194,SMALL,0,False,False,0.448
w=7,moderate,31.178499979432672,0.4522,SMALL,0,False,False,0.448
w=7,moderate,30.69119999418035,0.496,SMALL,0,False,False,0.448
w=7,moderate,33.425499976146966,0.5454,SMALL,0,False,False,0.448
w=7,moderate,32.009200018364936,0.5267,SMALL,0,False,False,0.448
w=7,moderate,32.61739999288693,0.4711,SMALL,0,False,False,0.448
w=7,moderate,35.44910001801327,0.5451,SMALL,0,False,False,0.448
w=7,moderate,31.891799997538328,0.5452,SMALL,0,False,False,0.448
w=7,moderate,38.654299976769835,0.51,SMALL,0,False,False,0.448
w=7,moderate,38.87640003813431,0.5067,SMALL,0,False,False,0.448
w=7,moderate,38.85660000378266,0.5111,SMALL,0,False,False,0.448
w=7,moderate,39.03550002723932,0.4829,SMALL,0,False,False,0.448
w=7,moderate,34.822900022845715,0.5076,SMALL,0,False,False,0.448
w=7,moderate,34.23119999933988,0.5514,SMALL,0,False,False,0.448
w=7,moderate,44.5546000264585,0.4645,SMALL,0,False,False,0.448
w=7,moderate,39.569800021126866,0.5404,SMALL,0,False,False,0.448
w=7,moderate,39.87410000991076,0.4728,SMALL,0,False,False,0.448
w=7,moderate,54.93750004097819,0.5381,SMALL,0,False,False,0.448
w=7,moderate,40.83030001493171,0.4299,SMALL,0,False,False,0.448
w=7,moderate,38.40580000542104,0.5335,SMALL,0,False,False,0.448
w=7,moderate,34.49269995326176,0.5207,SMALL,0,False,False,0.448
w=7,moderate,34.19350000331178,0.4549,SMALL,0,False,False,0.448
w=7,moderate,36.70679999049753,0.5129,SMALL,0,False,False,0.448
w=7,moderate,35.83719994639978,0.4833,SMALL,0,False,False,0.448
w=7,moderate,33.16859999904409,0.5295,SMALL,0,False,False,0.448
w=7,moderate,39.56140001537278,0.4532,SMALL,0,False,False,0.448
w=7,moderate,32.53759996732697,0.5036,SMALL,0,False,False,0.448
w=7,moderate,43.05810004007071,0.5564,SMALL,0,False,False,0.448
w=7,moderate,33.44079997623339,0.5459,SMALL,0,False,False,0.448
w=7,moderate,31.75949997967109,0.4944,SMALL,0,False,False,0.448
w=7,moderate,31.23949997825548,0.5458,SMALL,0,False,False,0.448
w=7,moderate,37.06940001575276,0.5167,SMALL,0,False,False,0.448
w=7,moderate,33.73930003726855,0.5196,SMALL,0,False,False,0.448
w=7,moderate,39.94220000458881,0.5994,SMALL,0,False,False,0.448
w=7,moderate,33.311799983493984,0.5062,SMALL,0,False,False,0.448
w=7,moderate,32.51229994930327,0.4846,SMALL,0,False,False,0.448
w=7,moderate,30.832700023893267,0.5297,SMALL,0,False,False,0.448
w=7,moderate,32.096499984618276,0.5275,SMALL,0,False,False,0.448
w=7,moderate,40.11419997550547,0.5452,SMALL,0,False,False,0.448
w=7,moderate,33.55440002633259,0.5352,SMALL,0,False,False,0.448
w=7,moderate,42.476699978578836,0.5807,SMALL,0,False,False,0.448
w=7,moderate,42.93499997584149,0.5095,SMALL,0,False,False,0.448
w=7,moderate,41.595300019253045,0.5002,SMALL,0,False,False,0.448
w=7,moderate,40.93919997103512,0.5211,SMALL,0,False,False,0.448
w=7,moderate,41.08599998289719,0.5375,SMALL,0,False,False,0.448
w=7,moderate,44.13160000694916,0.5153,SMALL,0,False,False,0.448
w=7,moderate,53.32549999002367,0.4851,SMALL,0,False,False,0.448
w=7,moderate,38.65669999504462,0.5347,SMALL,0,False,False,0.448
w=7,moderate,39.552000002004206,0.5057,SMALL,0,False,False,0.448
w=7,moderate,43.03619998972863,0.5371,SMALL,0,False,False,0.448
w=7,moderate,41.97510000085458,0.5101,SMALL,0,False,False,0.448
w=7,moderate,39.54810003051534,0.4801,SMALL,0,False,False,0.448
w=7,moderate,41.35170002700761,0.4767,SMALL,0,False,False,0.448
w=7,moderate,40.54380004527047,0.4712,SMALL,0,False,False,0.448
w=7,moderate,30.081700009759516,0.513,SMALL,0,False,False,0.448
w=7,moderate,30.552699987310916,0.5281,SMALL,0,False,False,0.448
w=7,moderate,34.13059999002144,0.5047,SMALL,0,False,False,0.448
w=7,moderate,37.89159998996183,0.473,SMALL,0,False,False,0.448
w=7,moderate,30.446499993558973,0.5495,SMALL,0,False,False,0.448
w=7,moderate,31.15200001047924,0.5582,SMALL,0,False,False,0.448
w=7,moderate,31.161799968685955,0.5463,SMALL,0,False,False,0.448
w=7,moderate,32.683199970051646,0.5089,SMALL,0,False,False,0.448
w=7,moderate,36.135600006673485,0.5507,SMALL,0,False,False,0.448
w=7,moderate,39.21620000619441,0.4662,SMALL,0,False,False,0.448
w=7,moderate,31.904600036796182,0.5386,SMALL,0,False,False,0.448
w=7,moderate,37.89219999453053,0.5114,SMALL,0,False,False,0.448
w=7,moderate,41.64660000242293,0.4861,SMALL,0,False,False,0.448
w=7,moderate,46.6943999635987,0.56,SMALL,0,False,False,0.448
w=7,moderate,37.148999981582165,0.5455,SMALL,0,False,False,0.448
w=7,moderate,39.50800001621246,0.4574,SMALL,0,False,False,0.448
w=7,moderate,42.55029995692894,0.5416,SMALL,0,False,False,0.448
w=7,moderate,36.82029998162761,0.5152,SMALL,0,False,False,0.448
w=7,moderate,37.01299999374896,0.5049,SMALL,0,False,False,0.448
w=7,moderate,32.848000002559274,0.511,SMALL,0,False,False,0.448
w=7,heavy,42.059200000949204,0.7143,SMALL,0,False,False,0.448
w=7,heavy,9.439899993594736,0.7293,NANO,0,False,True,0.372
w=7,heavy,9.392300038598478,0.7316,NANO,0,False,False,0.372
w=7,heavy,10.000200010836124,0.7902,NANO,0,False,False,0.372
w=7,heavy,8.108600042760372,0.6762,NANO,0,False,False,0.372
w=7,heavy,10.136400000192225,0.6926,NANO,0,False,False,0.372
w=7,heavy,8.910600037779659,0.7398,NANO,0,False,False,0.372
w=7,heavy,10.155499971006066,0.7549,NANO,0,False,False,0.372
w=7,heavy,10.015600011684,0.7321,NANO,0,False,False,0.372
w=7,heavy,10.34320000326261,0.7042,NANO,0,False,False,0.372
w=7,heavy,8.503200020641088,0.7233,NANO,0,False,False,0.372
w=7,heavy,11.274199991021305,0.6771,NANO,0,False,False,0.372
w=7,heavy,9.65999998152256,0.7478,NANO,0,False,False,0.372
w=7,heavy,9.413200023118407,0.6605,NANO,0,False,False,0.372
w=7,heavy,10.644900030456483,0.737,NANO,0,False,False,0.372
w=7,heavy,8.833700034301728,0.7134,NANO,0,False,False,0.372
w=7,heavy,9.371799998916686,0.7592,NANO,0,False,False,0.372
w=7,heavy,9.709200006909668,0.6959,NANO,0,False,False,0.372
w=7,heavy,9.860399994067848,0.7615,NANO,0,False,False,0.372
w=7,heavy,8.224899997003376,0.7171,NANO,0,False,False,0.372
w=7,heavy,9.469599986914545,0.7337,NANO,0,False,False,0.372
w=7,heavy,8.684599946718663,0.7478,NANO,0,False,False,0.372
w=7,heavy,9.324899991042912,0.7423,NANO,0,False,False,0.372
w=7,heavy,9.537399979308248,0.7406,NANO,0,False,False,0.372
w=7,heavy,9.471500001382083,0.7301,NANO,0,False,False,0.372
w=7,heavy,9.1905000153929,0.703,NANO,0,False,False,0.372
w=7,heavy,9.144100011326373,0.7109,NANO,0,False,False,0.372
w=7,heavy,9.805499983485788,0.6727,NANO,0,False,False,0.372
w=7,heavy,10.451100009959191,0.7094,NANO,0,False,False,0.372
w=7,heavy,11.291800008621067,0.7064,NANO,0,False,False,0.372
w=7,heavy,11.2379000056535,0.6929,NANO,0,False,False,0.372
w=7,heavy,9.611699962988496,0.6957,NANO,0,False,False,0.372
w=7,heavy,10.234399989712983,0.6951,NANO,0,False,False,0.372
w=7,heavy,12.375099991913885,0.6783,NANO,0,False,False,0.372
w=7,heavy,11.58630003919825,0.7526,NANO,0,False,False,0.372
w=7,heavy,13.654800015501678,0.7768,NANO,0,False,False,0.372
w=7,heavy,10.911799967288971,0.742,NANO,0,False,False,0.372
w=7,heavy,12.530700012575835,0.676,NANO,0,False,False,0.372
w=7,heavy,12.134900025557727,0.7078,NANO,0,False,False,0.372
w=7,heavy,11.790799966547638,0.6773,NANO,0,False,False,0.372
w=7,heavy,8.569999947212636,0.751,NANO,0,False,False,0.372
w=7,heavy,9.557399956975132,0.6392,NANO,0,False,False,0.372
w=7,heavy,9.946700010914356,0.7204,NANO,0,False,False,0.372
w=7,heavy,9.669399994891137,0.7672,NANO,0,False,False,0.372
w=7,heavy,9.488899959251285,0.6966,NANO,0,False,False,0.372
w=7,heavy,10.668599978089333,0.7472,NANO,0,False,False,0.372
w=7,heavy,10.265299992170185,0.7164,NANO,0,False,False,0.372
w=7,heavy,8.81560001289472,0.7294,NANO,0,False,False,0.372
w=7,heavy,11.249100032728165,0.7591,NANO,0,False,False,0.372
w=7,heavy,10.007100005168468,0.6603,NANO,0,False,False,0.372
w=7,heavy,8.367799979168922,0.6875,NANO,0,False,False,0.372
w=7,heavy,8.652699994854629,0.7493,NANO,0,False,False,0.372
w=7,heavy,8.999499958008528,0.685,NANO,0,False,False,0.372
w=7,heavy,9.339299984276295,0.7404,NANO,0,False,False,0.372
w=7,heavy,10.236000001896173,0.7035,NANO,0,False,False,0.372
w=7,heavy,10.235699999611825,0.7001,NANO,0,False,False,0.372
w=7,heavy,9.391299972776324,0.744,NANO,0,False,False,0.372
w=7,heavy,9.61270002881065,0.8208,NANO,0,False,False,0.372
w=7,heavy,9.384800039697438,0.7088,NANO,0,False,False,0.372
w=7,heavy,9.652099979575723,0.7131,NANO,0,False,False,0.372
w=7,heavy,9.30000003427267,0.7496,NANO,0,False,False,0.372
w=7,heavy,9.436799969989806,0.686,NANO,0,False,False,0.372
w=7,heavy,9.695099957752973,0.7135,NANO,0,False,False,0.372
w=7,heavy,7.6209999970160425,0.6802,NANO,0,False,False,0.372
w=7,heavy,8.22730001527816,0.7471,NANO,0,False,False,0.372
w=7,heavy,7.582499994896352,0.7442,NANO,0,False,False,0.372
w=7,heavy,10.908500000368804,0.7481,NANO,0,False,False,0.372
w=7,heavy,11.878899997100234,0.7179,NANO,0,False,False,0.372
w=7,heavy,9.450700017623603,0.761,NANO,0,False,False,0.372
w=7,heavy,10.392399970442057,0.7228,NANO,0,False,False,0.372
w=7,heavy,9.602600010111928,0.699,NANO,0,False,False,0.372
w=7,heavy,10.876199987251312,0.6725,NANO,0,False,False,0.372
w=7,heavy,11.253500008024275,0.713,NANO,0,False,False,0.372
w=7,heavy,11.209000018425286,0.7481,NANO,0,False,False,0.372
w=7,heavy,8.30139999743551,0.6957,NANO,0,False,False,0.372
w=7,heavy,7.494100020267069,0.7588,NANO,0,False,False,0.372
w=7,heavy,7.87759997183457,0.6721,NANO,0,False,False,0.372
w=7,heavy,7.337499991990626,0.6622,NANO,0,False,False,0.372
w=7,heavy,7.610699976794422,0.704,NANO,0,False,False,0.372
w=7,heavy,8.105200016871095,0.7649,NANO,0,False,False,0.372
w=7,heavy,8.100499981082976,0.6793,NANO,0,False,False,0.372
w=7,heavy,8.715700008906424,0.7748,NANO,0,False,False,0.372
w=7,heavy,8.465400023851544,0.7606,NANO,0,False,False,0.372
w=7,heavy,8.032199984882027,0.7161,NANO,0,False,False,0.372
w=7,heavy,8.410300011746585,0.7026,NANO,0,False,False,0.372
w=7,heavy,8.259199967142195,0.7261,NANO,0,False,False,0.372
w=7,heavy,8.136099961120635,0.7465,NANO,0,False,False,0.372
w=7,heavy,8.20820004446432,0.7286,NANO,0,False,False,0.372
w=7,heavy,8.312400022987276,0.7465,NANO,0,False,False,0.372
w=7,heavy,9.60659998236224,0.7222,NANO,0,False,False,0.372
w=7,heavy,9.874200040940195,0.6958,NANO,0,False,False,0.372
w=7,heavy,9.311400004662573,0.7436,NANO,0,False,False,0.372
w=7,heavy,9.825399960391223,0.7319,NANO,0,False,False,0.372
w=7,heavy,8.010599995031953,0.7019,NANO,0,False,False,0.372
w=7,heavy,8.105300017632544,0.8015,NANO,0,False,False,0.372
w=7,heavy,8.722800004761666,0.7055,NANO,0,False,False,0.372
w=7,heavy,8.51790001615882,0.7382,NANO,0,False,False,0.372
w=7,heavy,9.129300015047193,0.7099,NANO,0,False,False,0.372
w=7,heavy,7.697499997448176,0.6996,NANO,0,False,False,0.372
w=7,heavy,8.048599993344396,0.7451,NANO,0,False,False,0.372
w=10,moderate,59.184800018556416,0.4921,SMALL,0,False,False,0.448
w=10,moderate,45.601500023622066,0.5686,SMALL,0,False,False,0.448
w=10,moderate,44.60929997731,0.4901,SMALL,0,False,False,0.448
w=10,moderate,42.41240001283586,0.5747,SMALL,0,False,False,0.448
w=10,moderate,41.09630000311881,0.4894,SMALL,0,False,False,0.448
w=10,moderate,40.02580000087619,0.4304,SMALL,0,False,False,0.448
w=10,moderate,40.481200034264475,0.5541,SMALL,0,False,False,0.448
w=10,moderate,43.44179999316111,0.5123,SMALL,0,False,False,0.448
w=10,moderate,43.128899997100234,0.4739,SMALL,0,False,False,0.448
w=10,moderate,43.24999998789281,0.5172,SMALL,0,False,False,0.448
w=10,moderate,40.78739997930825,0.5068,SMALL,0,False,False,0.448
w=10,moderate,40.69990001153201,0.5375,SMALL,0,False,False,0.448
w=10,moderate,40.675099997315556,0.5555,SMALL,0,False,False,0.448
w=10,moderate,40.995300048962235,0.4881,SMALL,0,False,False,0.448
w=10,moderate,44.445900013670325,0.5473,SMALL,0,False,False,0.448
w=10,moderate,43.47199999028817,0.5138,SMALL,0,False,False,0.448
w=10,moderate,43.31730003468692,0.5206,SMALL,0,False,False,0.448
w=10,moderate,41.4331000065431,0.5117,SMALL,0,False,False,0.448
w=10,moderate,32.07880002446473,0.4921,SMALL,0,False,False,0.448
w=10,moderate,32.37269999226555,0.5075,SMALL,0,False,False,0.448
w=10,moderate,33.12550002010539,0.5388,SMALL,0,False,False,0.448
w=10,moderate,32.06040000077337,0.6027,SMALL,0,False,False,0.448
w=10,moderate,34.56459997687489,0.507,SMALL,0,False,False,0.448
w=10,moderate,30.952800007071346,0.5054,SMALL,0,False,False,0.448
w=10,moderate,33.336699998471886,0.4948,SMALL,0,False,False,0.448
w=10,moderate,32.99249999690801,0.5642,SMALL,0,False,False,0.448
w=10,moderate,33.092300000134856,0.5503,SMALL,0,False,False,0.448
w=10,moderate,32.17899997252971,0.5609,SMALL,0,False,False,0.448
w=10,moderate,33.06330001214519,0.5447,SMALL,0,False,False,0.448
w=10,moderate,31.52129997033626,0.4743,SMALL,0,False,False,0.448
w=10,moderate,33.25639996910468,0.465,SMALL,0,False,False,0.448
w=10,moderate,31.922199996188283,0.5495,SMALL,0,False,False,0.448
w=10,moderate,33.6387999705039,0.476,SMALL,0,False,False,0.448
w=10,moderate,39.19410001253709,0.5229,SMALL,0,False,False,0.448
w=10,moderate,30.23820003727451,0.5233,SMALL,0,False,False,0.448
w=10,moderate,31.068800017237663,0.5477,SMALL,0,False,False,0.448
w=10,moderate,31.12850000616163,0.5204,SMALL,0,False,False,0.448
w=10,moderate,34.58390000741929,0.5687,SMALL,0,False,False,0.448
w=10,moderate,36.50490002473816,0.4974,SMALL,0,False,False,0.448
w=10,moderate,29.816700029186904,0.5525,SMALL,0,False,False,0.448
w=10,moderate,30.76229995349422,0.5229,SMALL,0,False,False,0.448
w=10,moderate,31.093399971723557,0.5042,SMALL,0,False,False,0.448
w=10,moderate,31.68710001045838,0.5392,SMALL,0,False,False,0.448
w=10,moderate,40.09919997770339,0.5303,SMALL,0,False,False,0.448
w=10,moderate,40.01339996466413,0.5413,SMALL,0,False,False,0.448
w=10,moderate,31.449100002646446,0.5249,SMALL,0,False,False,0.448
w=10,moderate,30.281800020020455,0.5228,SMALL,0,False,False,0.448
w=10,moderate,31.143700005486608,0.5585,SMALL,0,False,False,0.448
w=10,moderate,30.632900015916675,0.5284,SMALL,0,False,False,0.448
w=10,moderate,30.400299991015345,0.5264,SMALL,0,False,False,0.448
w=10,moderate,33.82349997991696,0.5266,SMALL,0,False,False,0.448
w=10,moderate,30.770500015933067,0.4836,SMALL,0,False,False,0.448
w=10,moderate,32.5887999497354,0.5108,SMALL,0,False,False,0.448
w=10,moderate,31.843499979004264,0.5047,SMALL,0,False,False,0.448
w=10,moderate,46.503899968229234,0.5258,SMALL,0,False,False,0.448
w=10,moderate,40.553600003477186,0.5424,SMALL,0,False,False,0.448
w=10,moderate,43.93960000015795,0.5317,SMALL,0,False,False,0.448
w=10,moderate,30.810799973551184,0.5253,SMALL,0,False,False,0.448
w=10,moderate,32.52609999617562,0.5073,SMALL,0,False,False,0.448
w=10,moderate,33.227299980353564,0.4734,SMALL,0,False,False,0.448
w=10,moderate,32.380999997258186,0.5424,SMALL,0,False,False,0.448
w=10,moderate,32.16719999909401,0.5466,SMALL,0,False,False,0.448
w=10,moderate,32.14199998183176,0.5301,SMALL,0,False,False,0.448
w=10,moderate,41.27420001896098,0.5923,SMALL,0,False,False,0.448
w=10,moderate,33.341300033498555,0.503,SMALL,0,False,False,0.448
w=10,moderate,31.686700007412583,0.542,SMALL,0,False,False,0.448
w=10,moderate,36.00120003102347,0.5756,SMALL,0,False,False,0.448
w=10,moderate,30.78760002972558,0.5213,SMALL,0,False,False,0.448
w=10,moderate,31.9640000234358,0.4691,SMALL,0,False,False,0.448
w=10,moderate,31.183499959297478,0.509,SMALL,0,False,False,0.448
w=10,moderate,31.9640000234358,0.5541,SMALL,0,False,False,0.448
w=10,moderate,34.78190000168979,0.5224,SMALL,0,False,False,0.448
w=10,moderate,36.35559999383986,0.512,SMALL,0,False,False,0.448
w=10,moderate,34.51710002264008,0.5493,SMALL,0,False,False,0.448
w=10,moderate,32.53269998822361,0.5577,SMALL,0,False,False,0.448
w=10,moderate,33.719200000632554,0.4928,SMALL,0,False,False,0.448
w=10,moderate,38.23260002536699,0.5084,SMALL,0,False,False,0.448
w=10,moderate,39.98900001170114,0.5178,SMALL,0,False,False,0.448
w=10,moderate,40.104900021106005,0.5309,SMALL,0,False,False,0.448
w=10,moderate,40.29420000733808,0.5333,SMALL,0,False,False,0.448
w=10,moderate,38.384800020139664,0.5733,SMALL,0,False,False,0.448
w=10,moderate,32.63700002571568,0.4733,SMALL,0,False,False,0.448
w=10,moderate,30.530600051861256,0.4923,SMALL,0,False,False,0.448
w=10,moderate,34.11970002343878,0.554,SMALL,0,False,False,0.448
w=10,moderate,32.46939997188747,0.5528,SMALL,0,False,False,0.448
w=10,moderate,35.83740000613034,0.5083,SMALL,0,False,False,0.448
w=10,moderate,33.524999977089465,0.5321,SMALL,0,False,False,0.448
w=10,moderate,31.7460999940522,0.49,SMALL,0,False,False,0.448
w=10,moderate,40.080200007651,0.5122,SMALL,0,False,False,0.448
w=10,moderate,35.30099999625236,0.5111,SMALL,0,False,False,0.448
w=10,moderate,30.459700035862625,0.533,SMALL,0,False,False,0.448
w=10,moderate,30.7108000270091,0.5939,SMALL,0,False,False,0.448
w=10,moderate,37.9759999923408,0.5476,SMALL,0,False,False,0.448
w=10,moderate,30.302500003017485,0.5322,SMALL,0,False,False,0.448
w=10,moderate,32.66579995397478,0.5071,SMALL,0,False,False,0.448
w=10,moderate,35.57470004307106,0.5109,SMALL,0,False,False,0.448
w=10,moderate,31.887700024526566,0.5371,SMALL,0,False,False,0.448
w=10,moderate,37.11759997531772,0.4816,SMALL,0,False,False,0.448
w=10,moderate,38.519699999596924,0.5567,SMALL,0,False,False,0.448
w=10,moderate,30.879999976605177,0.4291,SMALL,0,False,False,0.448
w=10,heavy,33.13630004413426,0.7396,SMALL,0,False,False,0.448
w=10,heavy,39.13809999357909,0.7413,SMALL,0,False,False,0.448
w=10,heavy,34.551899996586144,0.711,SMALL,0,False,False,0.448
w=10,heavy,33.073099970351905,0.7454,SMALL,0,False,False,0.448
w=10,heavy,13.487799966242164,0.7476,NANO,0,False,True,0.372
w=10,heavy,12.622800015378743,0.7432,NANO,0,False,False,0.372
w=10,heavy,10.667699971236289,0.7132,NANO,0,False,False,0.372
w=10,heavy,10.353800025768578,0.7704,NANO,0,False,False,0.372
w=10,heavy,13.622200000099838,0.7575,NANO,0,False,False,0.372
w=10,heavy,10.751799971330911,0.758,NANO,0,False,False,0.372
w=10,heavy,10.250799998175353,0.7169,NANO,0,False,False,0.372
w=10,heavy,10.06470003630966,0.7127,NANO,0,False,False,0.372
w=10,heavy,10.52230002824217,0.6681,NANO,0,False,False,0.372
w=10,heavy,10.456699994392693,0.7276,NANO,0,False,False,0.372
w=10,heavy,13.634599978104234,0.7486,NANO,0,False,False,0.372
w=10,heavy,14.806799998041242,0.7081,NANO,0,False,False,0.372
w=10,heavy,11.177500011399388,0.6929,NANO,0,False,False,0.372
w=10,heavy,10.490700020454824,0.7198,NANO,0,False,False,0.372
w=10,heavy,8.72370001161471,0.7163,NANO,0,False,False,0.372
w=10,heavy,9.16819996200502,0.7126,NANO,0,False,False,0.372
w=10,heavy,8.764099969994277,0.7172,NANO,0,False,False,0.372
w=10,heavy,9.930000000167638,0.7682,NANO,0,False,False,0.372
w=10,heavy,8.988199988380075,0.6725,NANO,0,False,False,0.372
w=10,heavy,10.371000040322542,0.6826,NANO,0,False,False,0.372
w=10,heavy,10.028099990449846,0.6934,NANO,0,False,False,0.372
w=10,heavy,8.373000018764287,0.7433,NANO,0,False,False,0.372
w=10,heavy,9.45280003361404,0.7087,NANO,0,False,False,0.372
w=10,heavy,9.032200032379478,0.6643,NANO,0,False,False,0.372
w=10,heavy,10.56389999575913,0.7114,NANO,0,False,False,0.372
w=10,heavy,9.456400002818555,0.7423,NANO,0,False,False,0.372
w=10,heavy,9.423700044862926,0.6482,NANO,0,False,False,0.372
w=10,heavy,9.26760002039373,0.6885,NANO,0,False,False,0.372
w=10,heavy,8.72809998691082,0.7884,NANO,0,False,False,0.372
w=10,heavy,8.535599976312369,0.7295,NANO,0,False,False,0.372
w=10,heavy,8.292799990158528,0.7356,NANO,0,False,False,0.372
w=10,heavy,8.383299980778247,0.7193,NANO,0,False,False,0.372
w=10,heavy,8.157600008416921,0.707,NANO,0,False,False,0.372
w=10,heavy,8.788199978880584,0.7004,NANO,0,False,False,0.372
w=10,heavy,9.311500005424023,0.7318,NANO,0,False,False,0.372
w=10,heavy,11.154300009366125,0.7734,NANO,0,False,False,0.372
w=10,heavy,10.100800020154566,0.755,NANO,0,False,False,0.372
w=10,heavy,9.952099993824959,0.7084,NANO,0,False,False,0.372
w=10,heavy,8.53110000025481,0.7542,NANO,0,False,False,0.372
w=10,heavy,8.756499970331788,0.7106,NANO,0,False,False,0.372
w=10,heavy,8.73420003335923,0.7447,NANO,0,False,False,0.372
w=10,heavy,9.175100014545023,0.7072,NANO,0,False,False,0.372
w=10,heavy,9.169999975711107,0.7407,NANO,0,False,False,0.372
w=10,heavy,8.369000046513975,0.7275,NANO,0,False,False,0.372
w=10,heavy,9.835599979851395,0.744,NANO,0,False,False,0.372
w=10,heavy,9.92100004805252,0.7229,NANO,0,False,False,0.372
w=10,heavy,9.324699989520013,0.7343,NANO,0,False,False,0.372
w=10,heavy,8.859099994879216,0.6945,NANO,0,False,False,0.372
w=10,heavy,8.978199970442802,0.6925,NANO,0,False,False,0.372
w=10,heavy,8.469599997624755,0.7266,NANO,0,False,False,0.372
w=10,heavy,9.31629998376593,0.7119,NANO,0,False,False,0.372
w=10,heavy,8.900799963157624,0.6552,NANO,0,False,False,0.372
w=10,heavy,8.869300014339387,0.7362,NANO,0,False,False,0.372
w=10,heavy,8.884600014425814,0.7426,NANO,0,False,False,0.372
w=10,heavy,13.126000005286187,0.6797,NANO,0,False,False,0.372
w=10,heavy,9.279499994590878,0.7851,NANO,0,False,False,0.372
w=10,heavy,8.26140004210174,0.6617,NANO,0,False,False,0.372
w=10,heavy,8.962800027802587,0.7266,NANO,0,False,False,0.372
w=10,heavy,9.713599982205778,0.7683,NANO,0,False,False,0.372
w=10,heavy,8.807600010186434,0.6574,NANO,0,False,False,0.372
w=10,heavy,8.773799985647202,0.7371,NANO,0,False,False,0.372
w=10,heavy,8.844899944961071,0.6572,NANO,0,False,False,0.372
w=10,heavy,8.40069999685511,0.7838,NANO,0,False,False,0.372
w=10,heavy,8.855200023390353,0.7614,NANO,0,False,False,0.372
w=10,heavy,8.19769996451214,0.7486,NANO,0,False,False,0.372
w=10,heavy,8.851299993693829,0.7512,NANO,0,False,False,0.372
w=10,heavy,8.235300017986447,0.6634,NANO,0,False,False,0.372
w=10,heavy,8.57249996624887,0.7296,NANO,0,False,False,0.372
w=10,heavy,8.536599983926862,0.7377,NANO,0,False,False,0.372
w=10,heavy,8.323200047016144,0.7119,NANO,0,False,False,0.372
w=10,heavy,8.106499968562275,0.7208,NANO,0,False,False,0.372
w=10,heavy,8.773300040047616,0.697,NANO,0,False,False,0.372
w=10,heavy,8.947000023908913,0.6979,NANO,0,False,False,0.372
w=10,heavy,8.684600004926324,0.7078,NANO,0,False,False,0.372
w=10,heavy,7.954399974551052,0.7269,NANO,0,False,False,0.372
w=10,heavy,8.525299956090748,0.7213,NANO,0,False,False,0.372
w=10,heavy,8.01990000763908,0.6712,NANO,0,False,False,0.372
w=10,heavy,9.629200038034469,0.7295,NANO,0,False,False,0.372
w=10,heavy,8.25100002111867,0.7464,NANO,0,False,False,0.372
w=10,heavy,7.958600006531924,0.7411,NANO,0,False,False,0.372
w=10,heavy,8.266700024250895,0.7155,NANO,0,False,False,0.372
w=10,heavy,8.111400005873293,0.7219,NANO,0,False,False,0.372
w=10,heavy,8.673499978613108,0.7398,NANO,0,False,False,0.372
w=10,heavy,8.146100037265569,0.7477,NANO,0,False,False,0.372
w=10,heavy,8.968400012236089,0.6973,NANO,0,False,False,0.372
w=10,heavy,8.343699970282614,0.7388,NANO,0,False,False,0.372
w=10,heavy,9.919799980707467,0.7331,NANO,0,False,False,0.372
w=10,heavy,8.852300001308322,0.6897,NANO,0,False,False,0.372
w=10,heavy,8.259099966380745,0.7549,NANO,0,False,False,0.372
w=10,heavy,8.609800017438829,0.654,NANO,0,False,False,0.372
w=10,heavy,8.7682000012137,0.7249,NANO,0,False,False,0.372
w=10,heavy,9.080199990421534,0.7601,NANO,0,False,False,0.372
w=10,heavy,9.352400025818497,0.7447,NANO,0,False,False,0.372
w=10,heavy,9.438499982934445,0.6934,NANO,0,False,False,0.372
w=10,heavy,10.736000025644898,0.6989,NANO,0,False,False,0.372
w=10,heavy,10.872099956031889,0.6611,NANO,0,False,False,0.372
