image,tier,backend,simulated,tp,fp,fn,vru_in_gt,vru_in_pred,n_preds,n_gt
005981.png,NANO,ultralytics,False,0,0,0,False,False,3,9
005982.png,NANO,ultralytics,False,0,0,2,True,False,5,11
005983.png,NANO,ultralytics,False,0,0,0,False,False,7,16
005984.png,NANO,ultralytics,False,0,1,1,True,True,1,12
005985.png,NANO,ultralytics,False,1,3,3,True,True,4,12
005986.png,NANO,ultralytics,False,0,0,0,False,False,4,7
005987.png,NANO,ultralytics,False,0,0,0,False,False,6,6
005988.png,NANO,ultralytics,False,4,0,12,True,True,6,19
005989.png,NANO,ultralytics,False,0,0,0,False,False,0,4
005990.png,NANO,ultralytics,False,0,0,0,False,False,1,2
005991.png,NANO,ultralytics,False,0,0,1,True,False,0,8
005992.png,NANO,ultralytics,False,0,0,0,False,False,2,5
005993.png,NANO,ultralytics,False,0,0,0,False,False,0,1
005994.png,NANO,ultralytics,False,2,1,1,True,True,4,5
005995.png,NANO,ultralytics,False,0,0,0,False,False,1,2
005996.png,NANO,ultralytics,False,0,0,0,False,False,10,12
005997.png,NANO,ultralytics,False,0,0,2,True,False,0,7
005998.png,NANO,ultralytics,False,0,0,0,False,False,2,5
005999.png,NANO,ultralytics,False,0,0,0,False,False,4,8
006000.png,NANO,ultralytics,False,0,0,0,False,False,3,5
006001.png,NANO,ultralytics,False,0,0,0,False,False,0,4
006002.png,NANO,ultralytics,False,0,0,0,False,False,3,6
006003.png,NANO,ultralytics,False,0,0,0,False,False,3,14
006004.png,NANO,ultralytics,False,0,0,0,False,False,3,6
006005.png,NANO,ultralytics,False,0,0,0,False,False,9,11
006006.png,NANO,ultralytics,False,1,1,9,True,True,2,13
006007.png,NANO,ultralytics,False,0,0,0,False,False,9,15
006008.png,NANO,ultralytics,False,0,0,0,False,False,4,8
006009.png,NANO,ultralytics,False,0,0,0,False,False,3,5
006010.png,NANO,ultralytics,False,0,1,1,True,True,2,4
006011.png,NANO,ultralytics,False,0,0,3,True,False,11,12
006012.png,NANO,ultralytics,False,0,0,0,False,False,0,5
006013.png,NANO,ultralytics,False,0,0,0,False,False,3,5
006014.png,NANO,ultralytics,False,0,0,0,False,False,3,5
006015.png,NANO,ultralytics,False,0,0,0,False,False,4,5
006016.png,NANO,ultralytics,False,0,0,1,True,False,7,11
006017.png,NANO,ultralytics,False,0,0,0,False,False,1,2
006018.png,NANO,ultralytics,False,0,0,0,False,False,6,8
006019.png,NANO,ultralytics,False,0,0,1,True,False,1,3
006020.png,NANO,ultralytics,False,0,0,0,False,False,1,5
006021.png,NANO,ultralytics,False,0,0,1,True,False,2,4
006022.png,NANO,ultralytics,False,0,0,0,False,False,3,3
006023.png,NANO,ultralytics,False,0,2,1,True,True,2,4
006024.png,NANO,ultralytics,False,1,0,2,True,True,3,6
006025.png,NANO,ultralytics,False,0,0,0,False,False,5,8
006026.png,NANO,ultralytics,False,0,0,2,True,False,4,10
006027.png,NANO,ultralytics,False,0,0,2,True,False,7,9
006028.png,NANO,ultralytics,False,0,0,0,False,False,2,2
006029.png,NANO,ultralytics,False,1,0,0,True,True,1,1
006030.png,NANO,ultralytics,False,0,0,0,False,False,0,5
006031.png,NANO,ultralytics,False,0,0,0,False,False,3,7
006032.png,NANO,ultralytics,False,0,0,0,False,False,3,3
006033.png,NANO,ultralytics,False,0,0,0,False,False,3,11
006034.png,NANO,ultralytics,False,0,0,1,True,False,13,18
006035.png,NANO,ultralytics,False,1,0,0,True,True,1,1
006036.png,NANO,ultralytics,False,0,0,0,False,False,5,6
006037.png,NANO,ultralytics,False,0,0,0,False,False,3,6
006038.png,NANO,ultralytics,False,0,0,0,False,False,0,6
006039.png,NANO,ultralytics,False,0,0,1,True,False,4,9
006040.png,NANO,ultralytics,False,0,0,0,False,False,5,6
006041.png,NANO,ultralytics,False,0,0,0,False,False,7,7
006042.png,NANO,ultralytics,False,0,0,0,False,False,1,5
006043.png,NANO,ultralytics,False,0,0,0,False,False,1,3
006044.png,NANO,ultralytics,False,0,0,0,False,False,3,5
006045.png,NANO,ultralytics,False,0,0,0,False,False,3,8
006046.png,NANO,ultralytics,False,0,0,0,False,False,0,12
006047.png,NANO,ultralytics,False,0,0,0,False,False,4,11
006048.png,NANO,ultralytics,False,0,0,0,False,False,3,8
006049.png,NANO,ultralytics,False,0,0,0,False,False,1,6
006050.png,NANO,ultralytics,False,0,0,0,False,False,7,9
006051.png,NANO,ultralytics,False,0,1,2,True,True,3,7
006052.png,NANO,ultralytics,False,0,0,1,True,False,11,11
006053.png,NANO,ultralytics,False,1,0,0,True,True,1,1
006054.png,NANO,ultralytics,False,0,0,0,False,False,7,9
006055.png,NANO,ultralytics,False,0,0,0,False,False,11,13
006056.png,NANO,ultralytics,False,0,0,0,False,False,2,4
006057.png,NANO,ultralytics,False,0,0,0,False,False,1,2
006058.png,NANO,ultralytics,False,0,0,0,False,False,1,5
006059.png,NANO,ultralytics,False,0,0,0,False,False,2,6
006060.png,NANO,ultralytics,False,0,0,0,False,False,8,12
006061.png,NANO,ultralytics,False,0,0,0,False,False,0,2
006062.png,NANO,ultralytics,False,0,0,1,True,False,3,4
006063.png,NANO,ultralytics,False,0,0,0,False,False,8,10
006064.png,NANO,ultralytics,False,0,0,0,False,False,8,16
006065.png,NANO,ultralytics,False,0,2,2,True,True,2,7
006066.png,NANO,ultralytics,False,0,0,0,False,False,8,10
006067.png,NANO,ultralytics,False,0,0,1,True,False,1,7
006068.png,NANO,ultralytics,False,1,0,0,True,True,5,6
006069.png,NANO,ultralytics,False,0,1,0,False,True,5,7
006070.png,NANO,ultralytics,False,2,0,5,True,True,2,11
006071.png,NANO,ultralytics,False,1,2,3,True,True,3,6
006072.png,NANO,ultralytics,False,0,0,0,False,False,0,6
006073.png,NANO,ultralytics,False,0,0,0,False,False,7,9
006074.png,NANO,ultralytics,False,0,0,0,False,False,2,6
006075.png,NANO,ultralytics,False,0,0,3,True,False,0,5
006076.png,NANO,ultralytics,False,1,0,0,True,True,2,2
006077.png,NANO,ultralytics,False,0,0,0,False,False,12,12
006078.png,NANO,ultralytics,False,0,0,0,False,False,6,14
006079.png,NANO,ultralytics,False,0,0,0,False,False,1,6
006080.png,NANO,ultralytics,False,0,0,0,False,False,1,5
006081.png,NANO,ultralytics,False,0,0,0,False,False,6,7
006082.png,NANO,ultralytics,False,0,0,4,True,False,11,11
006083.png,NANO,ultralytics,False,1,0,3,True,True,2,6
006084.png,NANO,ultralytics,False,0,0,0,False,False,5,15
006085.png,NANO,ultralytics,False,0,0,0,False,False,2,2
006086.png,NANO,ultralytics,False,0,0,0,False,False,3,2
006087.png,NANO,ultralytics,False,2,1,1,True,True,4,6
006088.png,NANO,ultralytics,False,3,4,4,True,True,7,10
006089.png,NANO,ultralytics,False,1,0,0,True,True,1,1
006090.png,NANO,ultralytics,False,0,0,0,False,False,3,9
006091.png,NANO,ultralytics,False,0,0,0,False,False,1,3
006092.png,NANO,ultralytics,False,0,1,1,True,True,2,8
006093.png,NANO,ultralytics,False,1,0,0,True,True,4,5
006094.png,NANO,ultralytics,False,0,0,2,True,False,1,3
006095.png,NANO,ultralytics,False,0,0,1,True,False,2,5
006096.png,NANO,ultralytics,False,0,0,0,False,False,2,4
006097.png,NANO,ultralytics,False,0,0,0,False,False,7,10
006098.png,NANO,ultralytics,False,0,0,0,False,False,2,6
006099.png,NANO,ultralytics,False,0,0,0,False,False,0,3
006100.png,NANO,ultralytics,False,0,0,1,True,False,1,5
006101.png,NANO,ultralytics,False,0,0,0,False,False,0,2
006102.png,NANO,ultralytics,False,1,0,0,True,True,5,6
006103.png,NANO,ultralytics,False,0,0,0,False,False,3,7
006104.png,NANO,ultralytics,False,0,0,0,False,False,0,1
006105.png,NANO,ultralytics,False,0,0,0,False,False,0,2
006106.png,NANO,ultralytics,False,0,0,0,False,False,7,10
006107.png,NANO,ultralytics,False,0,0,0,False,False,1,2
006108.png,NANO,ultralytics,False,0,0,0,False,False,2,8
006109.png,NANO,ultralytics,False,0,0,1,True,False,1,9
006110.png,NANO,ultralytics,False,0,0,0,False,False,13,10
006111.png,NANO,ultralytics,False,0,0,0,False,False,2,6
006112.png,NANO,ultralytics,False,0,0,0,False,False,0,7
006113.png,NANO,ultralytics,False,0,0,0,False,False,5,9
006114.png,NANO,ultralytics,False,0,0,0,False,False,4,7
006115.png,NANO,ultralytics,False,0,0,0,False,False,3,4
006116.png,NANO,ultralytics,False,0,0,0,False,False,2,9
006117.png,NANO,ultralytics,False,0,0,0,False,False,6,9
006118.png,NANO,ultralytics,False,0,0,2,True,False,0,8
006119.png,NANO,ultralytics,False,0,0,0,False,False,2,5
006120.png,NANO,ultralytics,False,0,0,0,False,False,2,2
006121.png,NANO,ultralytics,False,5,1,10,True,True,9,19
006122.png,NANO,ultralytics,False,2,0,4,True,True,3,9
006123.png,NANO,ultralytics,False,0,0,1,True,False,2,7
006124.png,NANO,ultralytics,False,0,0,0,False,False,0,3
006125.png,NANO,ultralytics,False,0,0,0,False,False,2,5
006126.png,NANO,ultralytics,False,0,0,0,False,False,2,6
006127.png,NANO,ultralytics,False,0,0,0,False,False,6,15
006128.png,NANO,ultralytics,False,0,0,0,False,False,1,3
006129.png,NANO,ultralytics,False,0,0,0,False,False,3,9
006130.png,NANO,ultralytics,False,2,3,6,True,True,5,11
006131.png,NANO,ultralytics,False,0,0,0,False,False,0,4
006132.png,NANO,ultralytics,False,0,0,0,False,False,1,5
006133.png,NANO,ultralytics,False,0,2,0,False,True,2,5
006134.png,NANO,ultralytics,False,0,0,0,False,False,1,6
006135.png,NANO,ultralytics,False,0,0,0,False,False,4,7
006136.png,NANO,ultralytics,False,0,0,0,False,False,3,8
006137.png,NANO,ultralytics,False,0,0,0,False,False,4,9
006138.png,NANO,ultralytics,False,0,0,0,False,False,5,6
006139.png,NANO,ultralytics,False,8,6,10,True,True,16,21
006140.png,NANO,ultralytics,False,0,0,0,False,False,0,3
006141.png,NANO,ultralytics,False,0,0,0,False,False,6,9
006142.png,NANO,ultralytics,False,0,0,0,False,False,1,2
006143.png,NANO,ultralytics,False,0,0,0,False,False,12,15
006144.png,NANO,ultralytics,False,0,0,0,False,False,3,5
006145.png,NANO,ultralytics,False,0,0,0,False,False,8,14
006146.png,NANO,ultralytics,False,0,0,0,False,False,3,6
006147.png,NANO,ultralytics,False,0,0,0,False,False,5,8
006148.png,NANO,ultralytics,False,0,0,3,True,False,0,8
006149.png,NANO,ultralytics,False,0,0,0,False,False,3,9
006150.png,NANO,ultralytics,False,0,1,0,False,True,5,10
006151.png,NANO,ultralytics,False,1,0,0,True,True,1,1
006152.png,NANO,ultralytics,False,1,1,0,True,True,3,1
006153.png,NANO,ultralytics,False,0,0,0,False,False,2,9
006154.png,NANO,ultralytics,False,0,0,0,False,False,2,6
006155.png,NANO,ultralytics,False,0,0,0,False,False,5,8
006156.png,NANO,ultralytics,False,0,0,0,False,False,10,14
006157.png,NANO,ultralytics,False,0,0,0,False,False,11,17
006158.png,NANO,ultralytics,False,1,2,0,True,True,3,1
006159.png,NANO,ultralytics,False,0,0,1,True,False,6,6
006160.png,NANO,ultralytics,False,0,0,1,True,False,2,8
006161.png,NANO,ultralytics,False,0,0,0,False,False,9,10
006162.png,NANO,ultralytics,False,0,0,0,False,False,1,7
006163.png,NANO,ultralytics,False,0,0,1,True,False,9,20
006164.png,NANO,ultralytics,False,1,0,0,True,True,1,1
006165.png,NANO,ultralytics,False,0,0,0,False,False,0,6
006166.png,NANO,ultralytics,False,0,0,1,True,False,4,7
006167.png,NANO,ultralytics,False,0,0,0,False,False,2,6
006168.png,NANO,ultralytics,False,0,0,0,False,False,0,4
006169.png,NANO,ultralytics,False,0,0,1,True,False,3,9
006170.png,NANO,ultralytics,False,0,0,0,False,False,0,3
006171.png,NANO,ultralytics,False,0,0,0,False,False,0,2
006172.png,NANO,ultralytics,False,0,2,0,False,True,11,11
006173.png,NANO,ultralytics,False,0,0,0,False,False,1,8
006174.png,NANO,ultralytics,False,0,0,2,True,False,1,6
006175.png,NANO,ultralytics,False,0,0,0,False,False,1,8
006176.png,NANO,ultralytics,False,1,2,6,True,True,3,11
006177.png,NANO,ultralytics,False,0,0,1,True,False,0,6
006178.png,NANO,ultralytics,False,0,0,0,False,False,0,2
006179.png,NANO,ultralytics,False,0,0,2,True,False,8,12
006180.png,NANO,ultralytics,False,0,0,0,False,False,12,16
006181.png,NANO,ultralytics,False,0,0,0,False,False,1,4
006182.png,NANO,ultralytics,False,0,0,0,False,False,1,4
006183.png,NANO,ultralytics,False,0,0,0,False,False,2,2
006184.png,NANO,ultralytics,False,0,0,2,True,False,1,3
006185.png,NANO,ultralytics,False,0,0,1,True,False,2,3
006186.png,NANO,ultralytics,False,0,0,0,False,False,6,8
006187.png,NANO,ultralytics,False,0,0,0,False,False,9,12
006188.png,NANO,ultralytics,False,0,0,0,False,False,0,5
006189.png,NANO,ultralytics,False,1,0,2,True,True,11,17
006190.png,NANO,ultralytics,False,0,0,4,True,False,0,10
006191.png,NANO,ultralytics,False,0,0,0,False,False,4,12
006192.png,NANO,ultralytics,False,0,0,0,False,False,4,12
006193.png,NANO,ultralytics,False,0,0,0,False,False,0,2
006194.png,NANO,ultralytics,False,1,0,0,True,True,1,1
006195.png,NANO,ultralytics,False,0,0,0,False,False,3,7
006196.png,NANO,ultralytics,False,0,0,1,True,False,2,6
006197.png,NANO,ultralytics,False,0,0,0,False,False,1,6
006198.png,NANO,ultralytics,False,0,0,3,True,False,3,11
006199.png,NANO,ultralytics,False,0,0,0,False,False,3,12
006200.png,NANO,ultralytics,False,0,0,0,False,False,1,6
006201.png,NANO,ultralytics,False,1,0,0,True,True,1,1
006202.png,NANO,ultralytics,False,0,0,0,False,False,4,13
006203.png,NANO,ultralytics,False,0,0,0,False,False,3,4
006204.png,NANO,ultralytics,False,0,0,0,False,False,4,2
006205.png,NANO,ultralytics,False,0,0,0,False,False,0,7
006206.png,NANO,ultralytics,False,0,0,0,False,False,0,2
006207.png,NANO,ultralytics,False,0,0,0,False,False,0,1
006208.png,NANO,ultralytics,False,0,0,0,False,False,4,12
006209.png,NANO,ultralytics,False,0,0,0,False,False,0,2
006210.png,NANO,ultralytics,False,2,2,1,True,True,4,8
006211.png,NANO,ultralytics,False,0,0,1,True,False,8,15
006212.png,NANO,ultralytics,False,0,0,0,False,False,0,2
006213.png,NANO,ultralytics,False,0,0,2,True,False,0,17
006214.png,NANO,ultralytics,False,0,0,1,True,False,1,3
006215.png,NANO,ultralytics,False,1,0,0,True,True,1,1
006216.png,NANO,ultralytics,False,0,0,0,False,False,0,3
006217.png,NANO,ultralytics,False,0,0,0,False,False,0,2
006218.png,NANO,ultralytics,False,0,0,0,False,False,0,3
006219.png,NANO,ultralytics,False,0,0,0,False,False,0,6
006220.png,NANO,ultralytics,False,0,0,0,False,False,5,5
006221.png,NANO,ultralytics,False,0,0,4,True,False,4,7
006222.png,NANO,ultralytics,False,1,0,0,True,True,1,1
006223.png,NANO,ultralytics,False,0,0,0,False,False,1,1
006224.png,NANO,ultralytics,False,0,0,1,True,False,8,15
006225.png,NANO,ultralytics,False,0,0,0,False,False,4,7
006226.png,NANO,ultralytics,False,0,0,1,True,False,2,4
006227.png,NANO,ultralytics,False,0,0,0,False,False,3,2
006228.png,NANO,ultralytics,False,0,0,1,True,False,0,1
006229.png,NANO,ultralytics,False,0,0,4,True,False,0,10
006230.png,NANO,ultralytics,False,0,0,0,False,False,1,3
006231.png,NANO,ultralytics,False,0,0,1,True,False,5,6
006232.png,NANO,ultralytics,False,0,0,1,True,False,5,7
006233.png,NANO,ultralytics,False,0,0,0,False,False,5,6
006234.png,NANO,ultralytics,False,0,0,1,True,False,1,3
006235.png,NANO,ultralytics,False,0,0,0,False,False,2,3
006236.png,NANO,ultralytics,False,0,0,1,True,False,13,15
006237.png,NANO,ultralytics,False,0,0,0,False,False,2,8
006238.png,NANO,ultralytics,False,0,0,0,False,False,2,10
006239.png,NANO,ultralytics,False,0,0,0,False,False,1,1
006240.png,NANO,ultralytics,False,1,1,0,True,True,2,1
006241.png,NANO,ultralytics,False,0,0,0,False,False,1,5
006242.png,NANO,ultralytics,False,0,0,1,True,False,2,6
006243.png,NANO,ultralytics,False,0,0,0,False,False,0,3
006244.png,NANO,ultralytics,False,0,0,0,False,False,0,1
006245.png,NANO,ultralytics,False,0,0,0,False,False,6,8
006246.png,NANO,ultralytics,False,0,0,0,False,False,5,5
006247.png,NANO,ultralytics,False,0,0,1,True,False,0,5
006248.png,NANO,ultralytics,False,0,0,0,False,False,2,7
006249.png,NANO,ultralytics,False,0,0,0,False,False,0,9
006250.png,NANO,ultralytics,False,0,0,0,False,False,1,5
006251.png,NANO,ultralytics,False,0,0,0,False,False,8,14
006252.png,NANO,ultralytics,False,0,0,0,False,False,0,2
006253.png,NANO,ultralytics,False,0,0,0,False,False,4,6
006254.png,NANO,ultralytics,False,0,0,0,False,False,1,7
006255.png,NANO,ultralytics,False,0,0,0,False,False,1,7
006256.png,NANO,ultralytics,False,0,0,4,True,False,7,12
006257.png,NANO,ultralytics,False,0,0,1,True,False,2,6
006258.png,NANO,ultralytics,False,1,0,0,True,True,1,1
006259.png,NANO,ultralytics,False,0,0,0,False,False,0,5
006260.png,NANO,ultralytics,False,0,0,0,False,False,8,14
006261.png,NANO,ultralytics,False,0,0,1,True,False,4,7
006262.png,NANO,ultralytics,False,0,0,2,True,False,3,9
006263.png,NANO,ultralytics,False,0,0,0,False,False,4,11
006264.png,NANO,ultralytics,False,0,0,0,False,False,1,5
006265.png,NANO,ultralytics,False,0,0,1,True,False,1,5
006266.png,NANO,ultralytics,False,0,0,0,False,False,4,6
006267.png,NANO,ultralytics,False,0,0,0,False,False,1,7
006268.png,NANO,ultralytics,False,5,1,2,True,True,6,10
006269.png,NANO,ultralytics,False,0,0,0,False,False,4,6
006270.png,NANO,ultralytics,False,0,0,0,False,False,1,2
006271.png,NANO,ultralytics,False,0,0,0,False,False,9,9
006272.png,NANO,ultralytics,False,0,0,0,False,False,3,13
006273.png,NANO,ultralytics,False,0,0,1,True,False,2,8
006274.png,NANO,ultralytics,False,0,0,1,True,False,0,3
006275.png,NANO,ultralytics,False,0,0,0,False,False,3,6
006276.png,NANO,ultralytics,False,0,0,7,True,False,2,13
006277.png,NANO,ultralytics,False,0,0,1,True,False,0,8
006278.png,NANO,ultralytics,False,0,0,0,False,False,6,7
006279.png,NANO,ultralytics,False,0,0,0,False,False,1,2
006280.png,NANO,ultralytics,False,0,0,1,True,False,0,5
005981.png,SMALL,ultralytics,False,0,0,0,False,False,6,9
005982.png,SMALL,ultralytics,False,0,0,2,True,False,8,11
005983.png,SMALL,ultralytics,False,0,0,0,False,False,11,16
005984.png,SMALL,ultralytics,False,0,1,1,True,True,3,12
005985.png,SMALL,ultralytics,False,3,1,1,True,True,6,12
005986.png,SMALL,ultralytics,False,0,0,0,False,False,5,7
005987.png,SMALL,ultralytics,False,0,0,0,False,False,13,6
005988.png,SMALL,ultralytics,False,7,2,9,True,True,10,19
005989.png,SMALL,ultralytics,False,0,0,0,False,False,0,4
005990.png,SMALL,ultralytics,False,0,0,0,False,False,2,2
005991.png,SMALL,ultralytics,False,0,0,1,True,False,2,8
005992.png,SMALL,ultralytics,False,0,1,0,False,True,5,5
005993.png,SMALL,ultralytics,False,0,0,0,False,False,1,1
005994.png,SMALL,ultralytics,False,2,0,1,True,True,4,5
005995.png,SMALL,ultralytics,False,0,0,0,False,False,2,2
005996.png,SMALL,ultralytics,False,0,0,0,False,False,10,12
005997.png,SMALL,ultralytics,False,0,0,2,True,False,0,7
005998.png,SMALL,ultralytics,False,0,0,0,False,False,4,5
005999.png,SMALL,ultralytics,False,0,0,0,False,False,4,8
006000.png,SMALL,ultralytics,False,0,0,0,False,False,4,5
006001.png,SMALL,ultralytics,False,0,2,0,False,True,3,4
006002.png,SMALL,ultralytics,False,0,0,0,False,False,4,6
006003.png,SMALL,ultralytics,False,0,0,0,False,False,8,14
006004.png,SMALL,ultralytics,False,0,0,0,False,False,2,6
006005.png,SMALL,ultralytics,False,0,0,0,False,False,8,11
006006.png,SMALL,ultralytics,False,1,3,9,True,True,4,13
006007.png,SMALL,ultralytics,False,0,0,0,False,False,10,15
006008.png,SMALL,ultralytics,False,0,0,0,False,False,7,8
006009.png,SMALL,ultralytics,False,0,0,0,False,False,4,5
006010.png,SMALL,ultralytics,False,0,2,1,True,True,3,4
006011.png,SMALL,ultralytics,False,0,0,3,True,False,8,12
006012.png,SMALL,ultralytics,False,0,0,0,False,False,2,5
006013.png,SMALL,ultralytics,False,0,0,0,False,False,4,5
006014.png,SMALL,ultralytics,False,0,0,0,False,False,3,5
006015.png,SMALL,ultralytics,False,0,0,0,False,False,5,5
006016.png,SMALL,ultralytics,False,1,1,0,True,True,9,11
006017.png,SMALL,ultralytics,False,0,0,0,False,False,4,2
006018.png,SMALL,ultralytics,False,0,1,0,False,True,10,8
006019.png,SMALL,ultralytics,False,0,0,1,True,False,2,3
006020.png,SMALL,ultralytics,False,0,0,0,False,False,1,5
006021.png,SMALL,ultralytics,False,1,0,0,True,True,3,4
006022.png,SMALL,ultralytics,False,0,0,0,False,False,2,3
006023.png,SMALL,ultralytics,False,1,1,0,True,True,2,4
006024.png,SMALL,ultralytics,False,1,0,2,True,True,7,6
006025.png,SMALL,ultralytics,False,0,0,0,False,False,5,8
006026.png,SMALL,ultralytics,False,0,0,2,True,False,7,10
006027.png,SMALL,ultralytics,False,0,0,2,True,False,5,9
006028.png,SMALL,ultralytics,False,0,0,0,False,False,0,2
006029.png,SMALL,ultralytics,False,1,0,0,True,True,1,1
006030.png,SMALL,ultralytics,False,0,0,0,False,False,3,5
006031.png,SMALL,ultralytics,False,0,0,0,False,False,5,7
006032.png,SMALL,ultralytics,False,0,0,0,False,False,3,3
006033.png,SMALL,ultralytics,False,0,0,0,False,False,5,11
006034.png,SMALL,ultralytics,False,0,0,1,True,False,12,18
006035.png,SMALL,ultralytics,False,1,0,0,True,True,1,1
006036.png,SMALL,ultralytics,False,0,0,0,False,False,4,6
006037.png,SMALL,ultralytics,False,0,0,0,False,False,2,6
006038.png,SMALL,ultralytics,False,0,0,0,False,False,1,6
006039.png,SMALL,ultralytics,False,0,0,1,True,False,8,9
006040.png,SMALL,ultralytics,False,0,0,0,False,False,8,6
006041.png,SMALL,ultralytics,False,0,0,0,False,False,5,7
006042.png,SMALL,ultralytics,False,0,1,0,False,True,4,5
006043.png,SMALL,ultralytics,False,0,0,0,False,False,2,3
006044.png,SMALL,ultralytics,False,0,0,0,False,False,2,5
006045.png,SMALL,ultralytics,False,0,0,0,False,False,6,8
006046.png,SMALL,ultralytics,False,0,0,0,False,False,3,12
006047.png,SMALL,ultralytics,False,0,0,0,False,False,5,11
006048.png,SMALL,ultralytics,False,0,0,0,False,False,6,8
006049.png,SMALL,ultralytics,False,0,1,0,False,True,5,6
006050.png,SMALL,ultralytics,False,0,0,0,False,False,8,9
006051.png,SMALL,ultralytics,False,0,2,2,True,True,4,7
006052.png,SMALL,ultralytics,False,0,0,1,True,False,11,11
006053.png,SMALL,ultralytics,False,1,0,0,True,True,1,1
006054.png,SMALL,ultralytics,False,0,0,0,False,False,10,9
006055.png,SMALL,ultralytics,False,0,0,0,False,False,14,13
006056.png,SMALL,ultralytics,False,0,0,0,False,False,3,4
006057.png,SMALL,ultralytics,False,0,0,0,False,False,2,2
006058.png,SMALL,ultralytics,False,0,0,0,False,False,3,5
006059.png,SMALL,ultralytics,False,0,0,0,False,False,3,6
006060.png,SMALL,ultralytics,False,0,0,0,False,False,10,12
006061.png,SMALL,ultralytics,False,0,0,0,False,False,1,2
006062.png,SMALL,ultralytics,False,0,0,1,True,False,2,4
006063.png,SMALL,ultralytics,False,0,1,0,False,True,8,10
006064.png,SMALL,ultralytics,False,0,0,0,False,False,10,16
006065.png,SMALL,ultralytics,False,0,4,2,True,True,5,7
006066.png,SMALL,ultralytics,False,0,0,0,False,False,12,10
006067.png,SMALL,ultralytics,False,0,0,1,True,False,4,7
006068.png,SMALL,ultralytics,False,1,0,0,True,True,7,6
006069.png,SMALL,ultralytics,False,0,0,0,False,False,2,7
006070.png,SMALL,ultralytics,False,4,4,3,True,True,9,11
006071.png,SMALL,ultralytics,False,1,3,3,True,True,6,6
006072.png,SMALL,ultralytics,False,0,0,0,False,False,2,6
006073.png,SMALL,ultralytics,False,0,0,0,False,False,4,9
006074.png,SMALL,ultralytics,False,0,0,0,False,False,4,6
006075.png,SMALL,ultralytics,False,2,1,1,True,True,4,5
006076.png,SMALL,ultralytics,False,1,0,0,True,True,3,2
006077.png,SMALL,ultralytics,False,0,0,0,False,False,8,12
006078.png,SMALL,ultralytics,False,0,0,0,False,False,6,14
006079.png,SMALL,ultralytics,False,0,0,0,False,False,2,6
006080.png,SMALL,ultralytics,False,0,0,0,False,False,4,5
006081.png,SMALL,ultralytics,False,0,1,0,False,True,7,7
006082.png,SMALL,ultralytics,False,0,0,4,True,False,7,11
006083.png,SMALL,ultralytics,False,2,1,2,True,True,6,6
006084.png,SMALL,ultralytics,False,0,0,0,False,False,7,15
006085.png,SMALL,ultralytics,False,0,0,0,False,False,2,2
006086.png,SMALL,ultralytics,False,0,1,0,False,True,4,2
006087.png,SMALL,ultralytics,False,2,3,1,True,True,8,6
006088.png,SMALL,ultralytics,False,4,5,3,True,True,9,10
006089.png,SMALL,ultralytics,False,1,0,0,True,True,1,1
006090.png,SMALL,ultralytics,False,0,0,0,False,False,11,9
006091.png,SMALL,ultralytics,False,0,0,0,False,False,1,3
006092.png,SMALL,ultralytics,False,0,0,1,True,False,4,8
006093.png,SMALL,ultralytics,False,1,0,0,True,True,4,5
006094.png,SMALL,ultralytics,False,0,0,2,True,False,3,3
006095.png,SMALL,ultralytics,False,0,0,1,True,False,2,5
006096.png,SMALL,ultralytics,False,0,0,0,False,False,3,4
006097.png,SMALL,ultralytics,False,0,0,0,False,False,9,10
006098.png,SMALL,ultralytics,False,0,0,0,False,False,3,6
006099.png,SMALL,ultralytics,False,0,0,0,False,False,3,3
006100.png,SMALL,ultralytics,False,1,0,0,True,True,3,5
006101.png,SMALL,ultralytics,False,0,0,0,False,False,2,2
006102.png,SMALL,ultralytics,False,1,0,0,True,True,6,6
006103.png,SMALL,ultralytics,False,0,0,0,False,False,5,7
006104.png,SMALL,ultralytics,False,0,0,0,False,False,0,1
006105.png,SMALL,ultralytics,False,0,0,0,False,False,1,2
006106.png,SMALL,ultralytics,False,0,0,0,False,False,13,10
006107.png,SMALL,ultralytics,False,0,0,0,False,False,3,2
006108.png,SMALL,ultralytics,False,0,1,0,False,True,5,8
006109.png,SMALL,ultralytics,False,0,0,1,True,False,2,9
006110.png,SMALL,ultralytics,False,0,0,0,False,False,13,10
006111.png,SMALL,ultralytics,False,0,0,0,False,False,3,6
006112.png,SMALL,ultralytics,False,0,0,0,False,False,0,7
006113.png,SMALL,ultralytics,False,0,1,0,False,True,10,9
006114.png,SMALL,ultralytics,False,0,0,0,False,False,6,7
006115.png,SMALL,ultralytics,False,0,0,0,False,False,3,4
006116.png,SMALL,ultralytics,False,0,0,0,False,False,3,9
006117.png,SMALL,ultralytics,False,0,0,0,False,False,8,9
006118.png,SMALL,ultralytics,False,0,0,2,True,False,0,8
006119.png,SMALL,ultralytics,False,0,0,0,False,False,2,5
006120.png,SMALL,ultralytics,False,0,0,0,False,False,1,2
006121.png,SMALL,ultralytics,False,6,3,9,True,True,10,19
006122.png,SMALL,ultralytics,False,4,1,2,True,True,9,9
006123.png,SMALL,ultralytics,False,0,0,1,True,False,6,7
006124.png,SMALL,ultralytics,False,0,0,0,False,False,5,3
006125.png,SMALL,ultralytics,False,0,0,0,False,False,4,5
006126.png,SMALL,ultralytics,False,0,0,0,False,False,4,6
006127.png,SMALL,ultralytics,False,0,0,0,False,False,7,15
006128.png,SMALL,ultralytics,False,0,0,0,False,False,2,3
006129.png,SMALL,ultralytics,False,0,0,0,False,False,5,9
006130.png,SMALL,ultralytics,False,5,4,3,True,True,9,11
006131.png,SMALL,ultralytics,False,0,0,0,False,False,0,4
006132.png,SMALL,ultralytics,False,0,0,0,False,False,1,5
006133.png,SMALL,ultralytics,False,0,5,0,False,True,6,5
006134.png,SMALL,ultralytics,False,0,0,0,False,False,3,6
006135.png,SMALL,ultralytics,False,0,0,0,False,False,5,7
006136.png,SMALL,ultralytics,False,0,0,0,False,False,4,8
006137.png,SMALL,ultralytics,False,0,0,0,False,False,7,9
006138.png,SMALL,ultralytics,False,0,0,0,False,False,6,6
006139.png,SMALL,ultralytics,False,8,5,10,True,True,14,21
006140.png,SMALL,ultralytics,False,0,0,0,False,False,2,3
006141.png,SMALL,ultralytics,False,0,0,0,False,False,7,9
006142.png,SMALL,ultralytics,False,0,0,0,False,False,3,2
006143.png,SMALL,ultralytics,False,0,0,0,False,False,12,15
006144.png,SMALL,ultralytics,False,0,1,0,False,True,5,5
006145.png,SMALL,ultralytics,False,0,0,0,False,False,6,14
006146.png,SMALL,ultralytics,False,0,0,0,False,False,4,6
006147.png,SMALL,ultralytics,False,0,0,0,False,False,6,8
006148.png,SMALL,ultralytics,False,0,0,3,True,False,0,8
006149.png,SMALL,ultralytics,False,0,0,0,False,False,10,9
006150.png,SMALL,ultralytics,False,0,3,0,False,True,10,10
006151.png,SMALL,ultralytics,False,1,1,0,True,True,2,1
006152.png,SMALL,ultralytics,False,1,0,0,True,True,1,1
006153.png,SMALL,ultralytics,False,0,0,0,False,False,3,9
006154.png,SMALL,ultralytics,False,0,0,0,False,False,5,6
006155.png,SMALL,ultralytics,False,0,0,0,False,False,6,8
006156.png,SMALL,ultralytics,False,0,0,0,False,False,13,14
006157.png,SMALL,ultralytics,False,0,0,0,False,False,14,17
006158.png,SMALL,ultralytics,False,1,0,0,True,True,1,1
006159.png,SMALL,ultralytics,False,0,0,1,True,False,6,6
006160.png,SMALL,ultralytics,False,0,0,1,True,False,4,8
006161.png,SMALL,ultralytics,False,0,0,0,False,False,10,10
006162.png,SMALL,ultralytics,False,0,0,0,False,False,1,7
006163.png,SMALL,ultralytics,False,0,0,1,True,False,13,20
006164.png,SMALL,ultralytics,False,1,0,0,True,True,1,1
006165.png,SMALL,ultralytics,False,0,0,0,False,False,0,6
006166.png,SMALL,ultralytics,False,0,1,1,True,True,5,7
006167.png,SMALL,ultralytics,False,0,0,0,False,False,3,6
006168.png,SMALL,ultralytics,False,0,0,0,False,False,0,4
006169.png,SMALL,ultralytics,False,1,0,0,True,True,5,9
006170.png,SMALL,ultralytics,False,0,0,0,False,False,1,3
006171.png,SMALL,ultralytics,False,0,0,0,False,False,1,2
006172.png,SMALL,ultralytics,False,0,5,0,False,True,11,11
006173.png,SMALL,ultralytics,False,0,0,0,False,False,3,8
006174.png,SMALL,ultralytics,False,0,0,2,True,False,0,6
006175.png,SMALL,ultralytics,False,0,1,0,False,True,4,8
006176.png,SMALL,ultralytics,False,4,7,3,True,True,12,11
006177.png,SMALL,ultralytics,False,0,0,1,True,False,2,6
006178.png,SMALL,ultralytics,False,0,0,0,False,False,1,2
006179.png,SMALL,ultralytics,False,0,0,2,True,False,9,12
006180.png,SMALL,ultralytics,False,0,0,0,False,False,13,16
006181.png,SMALL,ultralytics,False,0,0,0,False,False,2,4
006182.png,SMALL,ultralytics,False,0,0,0,False,False,1,4
006183.png,SMALL,ultralytics,False,0,0,0,False,False,2,2
006184.png,SMALL,ultralytics,False,0,0,2,True,False,1,3
006185.png,SMALL,ultralytics,False,0,0,1,True,False,2,3
006186.png,SMALL,ultralytics,False,0,0,0,False,False,11,8
006187.png,SMALL,ultralytics,False,0,0,0,False,False,10,12
006188.png,SMALL,ultralytics,False,0,0,0,False,False,1,5
006189.png,SMALL,ultralytics,False,1,0,2,True,True,14,17
006190.png,SMALL,ultralytics,False,3,2,1,True,True,7,10
006191.png,SMALL,ultralytics,False,0,0,0,False,False,9,12
006192.png,SMALL,ultralytics,False,0,0,0,False,False,9,12
006193.png,SMALL,ultralytics,False,0,0,0,False,False,0,2
006194.png,SMALL,ultralytics,False,1,0,0,True,True,1,1
006195.png,SMALL,ultralytics,False,0,0,0,False,False,4,7
006196.png,SMALL,ultralytics,False,0,0,1,True,False,5,6
006197.png,SMALL,ultralytics,False,0,0,0,False,False,1,6
006198.png,SMALL,ultralytics,False,0,0,3,True,False,6,11
006199.png,SMALL,ultralytics,False,0,0,0,False,False,8,12
006200.png,SMALL,ultralytics,False,0,0,0,False,False,2,6
006201.png,SMALL,ultralytics,False,1,0,0,True,True,1,1
006202.png,SMALL,ultralytics,False,0,0,0,False,False,7,13
006203.png,SMALL,ultralytics,False,0,0,0,False,False,4,4
006204.png,SMALL,ultralytics,False,0,0,0,False,False,8,2
006205.png,SMALL,ultralytics,False,0,0,0,False,False,2,7
006206.png,SMALL,ultralytics,False,0,0,0,False,False,0,2
006207.png,SMALL,ultralytics,False,0,0,0,False,False,1,1
006208.png,SMALL,ultralytics,False,0,0,0,False,False,6,12
006209.png,SMALL,ultralytics,False,0,1,0,False,True,1,2
006210.png,SMALL,ultralytics,False,2,1,1,True,True,5,8
006211.png,SMALL,ultralytics,False,0,0,1,True,False,8,15
006212.png,SMALL,ultralytics,False,0,0,0,False,False,0,2
006213.png,SMALL,ultralytics,False,0,0,2,True,False,4,17
006214.png,SMALL,ultralytics,False,0,0,1,True,False,1,3
006215.png,SMALL,ultralytics,False,1,0,0,True,True,1,1
006216.png,SMALL,ultralytics,False,0,0,0,False,False,1,3
006217.png,SMALL,ultralytics,False,0,1,0,False,True,1,2
006218.png,SMALL,ultralytics,False,0,0,0,False,False,2,3
006219.png,SMALL,ultralytics,False,0,0,0,False,False,1,6
006220.png,SMALL,ultralytics,False,0,0,0,False,False,8,5
006221.png,SMALL,ultralytics,False,1,0,3,True,True,4,7
006222.png,SMALL,ultralytics,False,1,1,0,True,True,3,1
006223.png,SMALL,ultralytics,False,0,0,0,False,False,1,1
006224.png,SMALL,ultralytics,False,0,0,1,True,False,9,15
006225.png,SMALL,ultralytics,False,0,0,0,False,False,5,7
006226.png,SMALL,ultralytics,False,0,1,1,True,True,3,4
006227.png,SMALL,ultralytics,False,0,1,0,False,True,5,2
006228.png,SMALL,ultralytics,False,1,0,0,True,True,1,1
006229.png,SMALL,ultralytics,False,0,0,4,True,False,1,10
006230.png,SMALL,ultralytics,False,0,0,0,False,False,2,3
006231.png,SMALL,ultralytics,False,0,0,1,True,False,5,6
006232.png,SMALL,ultralytics,False,0,0,1,True,False,7,7
006233.png,SMALL,ultralytics,False,0,0,0,False,False,6,6
006234.png,SMALL,ultralytics,False,0,0,1,True,False,1,3
006235.png,SMALL,ultralytics,False,0,0,0,False,False,2,3
006236.png,SMALL,ultralytics,False,0,0,1,True,False,14,15
006237.png,SMALL,ultralytics,False,0,0,0,False,False,3,8
006238.png,SMALL,ultralytics,False,0,0,0,False,False,8,10
006239.png,SMALL,ultralytics,False,0,0,0,False,False,1,1
006240.png,SMALL,ultralytics,False,1,0,0,True,True,3,1
006241.png,SMALL,ultralytics,False,0,0,0,False,False,3,5
006242.png,SMALL,ultralytics,False,0,0,1,True,False,5,6
006243.png,SMALL,ultralytics,False,0,0,0,False,False,1,3
006244.png,SMALL,ultralytics,False,0,0,0,False,False,1,1
006245.png,SMALL,ultralytics,False,0,0,0,False,False,5,8
006246.png,SMALL,ultralytics,False,0,0,0,False,False,5,5
006247.png,SMALL,ultralytics,False,0,0,1,True,False,1,5
006248.png,SMALL,ultralytics,False,0,0,0,False,False,2,7
006249.png,SMALL,ultralytics,False,0,0,0,False,False,3,9
006250.png,SMALL,ultralytics,False,0,0,0,False,False,2,5
006251.png,SMALL,ultralytics,False,0,0,0,False,False,13,14
006252.png,SMALL,ultralytics,False,0,0,0,False,False,0,2
006253.png,SMALL,ultralytics,False,0,0,0,False,False,4,6
006254.png,SMALL,ultralytics,False,0,0,0,False,False,2,7
006255.png,SMALL,ultralytics,False,0,0,0,False,False,7,7
006256.png,SMALL,ultralytics,False,0,0,4,True,False,7,12
006257.png,SMALL,ultralytics,False,0,0,1,True,False,3,6
006258.png,SMALL,ultralytics,False,1,0,0,True,True,1,1
006259.png,SMALL,ultralytics,False,0,0,0,False,False,2,5
006260.png,SMALL,ultralytics,False,0,1,0,False,True,8,14
006261.png,SMALL,ultralytics,False,0,0,1,True,False,6,7
006262.png,SMALL,ultralytics,False,0,0,2,True,False,7,9
006263.png,SMALL,ultralytics,False,0,0,0,False,False,6,11
006264.png,SMALL,ultralytics,False,0,0,0,False,False,1,5
006265.png,SMALL,ultralytics,False,0,3,1,True,True,5,5
006266.png,SMALL,ultralytics,False,0,0,0,False,False,5,6
006267.png,SMALL,ultralytics,False,0,0,0,False,False,3,7
006268.png,SMALL,ultralytics,False,7,3,0,True,True,10,10
006269.png,SMALL,ultralytics,False,0,0,0,False,False,4,6
006270.png,SMALL,ultralytics,False,0,0,0,False,False,1,2
006271.png,SMALL,ultralytics,False,0,0,0,False,False,5,9
006272.png,SMALL,ultralytics,False,0,0,0,False,False,4,13
006273.png,SMALL,ultralytics,False,1,0,0,True,True,4,8
006274.png,SMALL,ultralytics,False,0,0,1,True,False,1,3
006275.png,SMALL,ultralytics,False,0,0,0,False,False,4,6
006276.png,SMALL,ultralytics,False,0,0,7,True,False,1,13
006277.png,SMALL,ultralytics,False,1,0,0,True,True,6,8
006278.png,SMALL,ultralytics,False,0,0,0,False,False,7,7
006279.png,SMALL,ultralytics,False,0,1,0,False,True,2,2
006280.png,SMALL,ultralytics,False,0,1,1,True,True,1,5
005981.png,MEDIUM,ultralytics,False,0,0,0,False,False,8,9
005982.png,MEDIUM,ultralytics,False,0,1,2,True,True,10,11
005983.png,MEDIUM,ultralytics,False,0,0,0,False,False,19,16
005984.png,MEDIUM,ultralytics,False,1,1,0,True,True,11,12
005985.png,MEDIUM,ultralytics,False,2,3,2,True,True,10,12
005986.png,MEDIUM,ultralytics,False,0,0,0,False,False,7,7
005987.png,MEDIUM,ultralytics,False,0,1,0,False,True,19,6
005988.png,MEDIUM,ultralytics,False,11,8,5,True,True,20,19
005989.png,MEDIUM,ultralytics,False,0,0,0,False,False,0,4
005990.png,MEDIUM,ultralytics,False,0,0,0,False,False,2,2
005991.png,MEDIUM,ultralytics,False,0,0,1,True,False,3,8
005992.png,MEDIUM,ultralytics,False,0,0,0,False,False,4,5
005993.png,MEDIUM,ultralytics,False,0,0,0,False,False,2,1
005994.png,MEDIUM,ultralytics,False,3,2,0,True,True,8,5
005995.png,MEDIUM,ultralytics,False,0,0,0,False,False,1,2
005996.png,MEDIUM,ultralytics,False,0,1,0,False,True,12,12
005997.png,MEDIUM,ultralytics,False,0,0,2,True,False,3,7
005998.png,MEDIUM,ultralytics,False,0,0,0,False,False,5,5
005999.png,MEDIUM,ultralytics,False,0,0,0,False,False,11,8
006000.png,MEDIUM,ultralytics,False,0,0,0,False,False,4,5
006001.png,MEDIUM,ultralytics,False,0,9,0,False,True,11,4
006002.png,MEDIUM,ultralytics,False,0,0,0,False,False,6,6
006003.png,MEDIUM,ultralytics,False,0,0,0,False,False,15,14
006004.png,MEDIUM,ultralytics,False,0,0,0,False,False,4,6
006005.png,MEDIUM,ultralytics,False,0,0,0,False,False,15,11
006006.png,MEDIUM,ultralytics,False,1,12,9,True,True,13,13
006007.png,MEDIUM,ultralytics,False,0,0,0,False,False,12,15
006008.png,MEDIUM,ultralytics,False,0,1,0,False,True,12,8
006009.png,MEDIUM,ultralytics,False,0,0,0,False,False,6,5
006010.png,MEDIUM,ultralytics,False,0,2,1,True,True,3,4
006011.png,MEDIUM,ultralytics,False,0,0,3,True,False,9,12
006012.png,MEDIUM,ultralytics,False,0,1,0,False,True,4,5
006013.png,MEDIUM,ultralytics,False,0,0,0,False,False,3,5
006014.png,MEDIUM,ultralytics,False,0,0,0,False,False,5,5
006015.png,MEDIUM,ultralytics,False,0,0,0,False,False,5,5
006016.png,MEDIUM,ultralytics,False,1,1,0,True,True,16,11
006017.png,MEDIUM,ultralytics,False,0,0,0,False,False,7,2
006018.png,MEDIUM,ultralytics,False,0,0,0,False,False,8,8
006019.png,MEDIUM,ultralytics,False,1,0,0,True,True,3,3
006020.png,MEDIUM,ultralytics,False,0,0,0,False,False,2,5
006021.png,MEDIUM,ultralytics,False,1,1,0,True,True,4,4
006022.png,MEDIUM,ultralytics,False,0,0,0,False,False,7,3
006023.png,MEDIUM,ultralytics,False,0,2,1,True,True,6,4
006024.png,MEDIUM,ultralytics,False,2,0,1,True,True,8,6
006025.png,MEDIUM,ultralytics,False,0,0,0,False,False,6,8
006026.png,MEDIUM,ultralytics,False,2,1,0,True,True,12,10
006027.png,MEDIUM,ultralytics,False,1,0,1,True,True,10,9
006028.png,MEDIUM,ultralytics,False,0,0,0,False,False,1,2
006029.png,MEDIUM,ultralytics,False,1,7,0,True,True,8,1
006030.png,MEDIUM,ultralytics,False,0,0,0,False,False,4,5
006031.png,MEDIUM,ultralytics,False,0,0,0,False,False,6,7
006032.png,MEDIUM,ultralytics,False,0,0,0,False,False,7,3
006033.png,MEDIUM,ultralytics,False,0,0,0,False,False,14,11
006034.png,MEDIUM,ultralytics,False,0,0,1,True,False,19,18
006035.png,MEDIUM,ultralytics,False,1,7,0,True,True,9,1
006036.png,MEDIUM,ultralytics,False,0,0,0,False,False,7,6
006037.png,MEDIUM,ultralytics,False,0,0,0,False,False,6,6
006038.png,MEDIUM,ultralytics,False,0,0,0,False,False,6,6
006039.png,MEDIUM,ultralytics,False,1,1,0,True,True,10,9
006040.png,MEDIUM,ultralytics,False,0,0,0,False,False,6,6
006041.png,MEDIUM,ultralytics,False,0,0,0,False,False,8,7
006042.png,MEDIUM,ultralytics,False,0,0,0,False,False,5,5
006043.png,MEDIUM,ultralytics,False,0,0,0,False,False,3,3
006044.png,MEDIUM,ultralytics,False,0,0,0,False,False,3,5
006045.png,MEDIUM,ultralytics,False,0,0,0,False,False,6,8
006046.png,MEDIUM,ultralytics,False,0,0,0,False,False,6,12
006047.png,MEDIUM,ultralytics,False,0,0,0,False,False,14,11
006048.png,MEDIUM,ultralytics,False,0,0,0,False,False,9,8
006049.png,MEDIUM,ultralytics,False,0,0,0,False,False,9,6
006050.png,MEDIUM,ultralytics,False,0,0,0,False,False,12,9
006051.png,MEDIUM,ultralytics,False,1,1,1,True,True,8,7
006052.png,MEDIUM,ultralytics,False,0,1,1,True,True,15,11
006053.png,MEDIUM,ultralytics,False,1,9,0,True,True,11,1
006054.png,MEDIUM,ultralytics,False,0,0,0,False,False,12,9
006055.png,MEDIUM,ultralytics,False,0,1,0,False,True,16,13
006056.png,MEDIUM,ultralytics,False,0,0,0,False,False,7,4
006057.png,MEDIUM,ultralytics,False,0,0,0,False,False,3,2
006058.png,MEDIUM,ultralytics,False,0,0,0,False,False,4,5
006059.png,MEDIUM,ultralytics,False,0,0,0,False,False,7,6
006060.png,MEDIUM,ultralytics,False,0,0,0,False,False,14,12
006061.png,MEDIUM,ultralytics,False,0,0,0,False,False,2,2
006062.png,MEDIUM,ultralytics,False,1,0,0,True,True,4,4
006063.png,MEDIUM,ultralytics,False,0,0,0,False,False,10,10
006064.png,MEDIUM,ultralytics,False,0,2,0,False,True,14,16
006065.png,MEDIUM,ultralytics,False,1,1,1,True,True,6,7
006066.png,MEDIUM,ultralytics,False,0,0,0,False,False,15,10
006067.png,MEDIUM,ultralytics,False,1,0,0,True,True,8,7
006068.png,MEDIUM,ultralytics,False,1,0,0,True,True,8,6
006069.png,MEDIUM,ultralytics,False,0,0,0,False,False,6,7
006070.png,MEDIUM,ultralytics,False,5,10,2,True,True,18,11
006071.png,MEDIUM,ultralytics,False,1,5,3,True,True,10,6
006072.png,MEDIUM,ultralytics,False,0,0,0,False,False,5,6
006073.png,MEDIUM,ultralytics,False,0,0,0,False,False,8,9
006074.png,MEDIUM,ultralytics,False,0,0,0,False,False,4,6
006075.png,MEDIUM,ultralytics,False,2,0,1,True,True,5,5
006076.png,MEDIUM,ultralytics,False,1,13,0,True,True,16,2
006077.png,MEDIUM,ultralytics,False,0,0,0,False,False,17,12
006078.png,MEDIUM,ultralytics,False,0,0,0,False,False,13,14
006079.png,MEDIUM,ultralytics,False,0,0,0,False,False,6,6
006080.png,MEDIUM,ultralytics,False,0,0,0,False,False,5,5
006081.png,MEDIUM,ultralytics,False,0,0,0,False,False,9,7
006082.png,MEDIUM,ultralytics,False,1,0,3,True,True,9,11
006083.png,MEDIUM,ultralytics,False,2,6,2,True,True,14,6
006084.png,MEDIUM,ultralytics,False,0,0,0,False,False,12,15
006085.png,MEDIUM,ultralytics,False,0,0,0,False,False,2,2
006086.png,MEDIUM,ultralytics,False,0,0,0,False,False,6,2
006087.png,MEDIUM,ultralytics,False,3,1,0,True,True,7,6
006088.png,MEDIUM,ultralytics,False,6,11,1,True,True,26,10
006089.png,MEDIUM,ultralytics,False,1,8,0,True,True,10,1
006090.png,MEDIUM,ultralytics,False,0,0,0,False,False,9,9
006091.png,MEDIUM,ultralytics,False,0,0,0,False,False,1,3
006092.png,MEDIUM,ultralytics,False,0,0,1,True,False,4,8
006093.png,MEDIUM,ultralytics,False,1,0,0,True,True,5,5
006094.png,MEDIUM,ultralytics,False,1,0,1,True,True,3,3
006095.png,MEDIUM,ultralytics,False,0,1,1,True,True,6,5
006096.png,MEDIUM,ultralytics,False,0,0,0,False,False,5,4
006097.png,MEDIUM,ultralytics,False,0,0,0,False,False,11,10
006098.png,MEDIUM,ultralytics,False,0,0,0,False,False,6,6
006099.png,MEDIUM,ultralytics,False,0,0,0,False,False,3,3
006100.png,MEDIUM,ultralytics,False,0,2,1,True,True,4,5
006101.png,MEDIUM,ultralytics,False,0,0,0,False,False,1,2
006102.png,MEDIUM,ultralytics,False,1,1,0,True,True,11,6
006103.png,MEDIUM,ultralytics,False,0,0,0,False,False,8,7
006104.png,MEDIUM,ultralytics,False,0,0,0,False,False,1,1
006105.png,MEDIUM,ultralytics,False,0,0,0,False,False,2,2
006106.png,MEDIUM,ultralytics,False,0,0,0,False,False,16,10
006107.png,MEDIUM,ultralytics,False,0,1,0,False,True,3,2
006108.png,MEDIUM,ultralytics,False,0,0,0,False,False,11,8
006109.png,MEDIUM,ultralytics,False,0,0,1,True,False,4,9
006110.png,MEDIUM,ultralytics,False,0,0,0,False,False,16,10
006111.png,MEDIUM,ultralytics,False,0,0,0,False,False,5,6
006112.png,MEDIUM,ultralytics,False,0,0,0,False,False,1,7
006113.png,MEDIUM,ultralytics,False,0,0,0,False,False,9,9
006114.png,MEDIUM,ultralytics,False,0,0,0,False,False,8,7
006115.png,MEDIUM,ultralytics,False,0,1,0,False,True,4,4
006116.png,MEDIUM,ultralytics,False,0,0,0,False,False,6,9
006117.png,MEDIUM,ultralytics,False,0,0,0,False,False,10,9
006118.png,MEDIUM,ultralytics,False,0,1,2,True,True,3,8
006119.png,MEDIUM,ultralytics,False,0,0,0,False,False,2,5
006120.png,MEDIUM,ultralytics,False,0,0,0,False,False,1,2
006121.png,MEDIUM,ultralytics,False,11,6,4,True,True,18,19
006122.png,MEDIUM,ultralytics,False,5,7,1,True,True,17,9
006123.png,MEDIUM,ultralytics,False,1,0,0,True,True,7,7
006124.png,MEDIUM,ultralytics,False,0,0,0,False,False,7,3
006125.png,MEDIUM,ultralytics,False,0,0,0,False,False,5,5
006126.png,MEDIUM,ultralytics,False,0,0,0,False,False,6,6
006127.png,MEDIUM,ultralytics,False,0,0,0,False,False,12,15
006128.png,MEDIUM,ultralytics,False,0,0,0,False,False,4,3
006129.png,MEDIUM,ultralytics,False,0,0,0,False,False,9,9
006130.png,MEDIUM,ultralytics,False,6,10,2,True,True,21,11
006131.png,MEDIUM,ultralytics,False,0,0,0,False,False,2,4
006132.png,MEDIUM,ultralytics,False,0,0,0,False,False,2,5
006133.png,MEDIUM,ultralytics,False,0,7,0,False,True,9,5
006134.png,MEDIUM,ultralytics,False,0,0,0,False,False,5,6
006135.png,MEDIUM,ultralytics,False,0,0,0,False,False,6,7
006136.png,MEDIUM,ultralytics,False,0,0,0,False,False,6,8
006137.png,MEDIUM,ultralytics,False,0,0,0,False,False,7,9
006138.png,MEDIUM,ultralytics,False,0,0,0,False,False,7,6
006139.png,MEDIUM,ultralytics,False,13,8,5,True,True,23,21
006140.png,MEDIUM,ultralytics,False,0,0,0,False,False,2,3
006141.png,MEDIUM,ultralytics,False,0,0,0,False,False,11,9
006142.png,MEDIUM,ultralytics,False,0,0,0,False,False,7,2
006143.png,MEDIUM,ultralytics,False,0,0,0,False,False,19,15
006144.png,MEDIUM,ultralytics,False,0,1,0,False,True,7,5
006145.png,MEDIUM,ultralytics,False,0,0,0,False,False,10,14
006146.png,MEDIUM,ultralytics,False,0,0,0,False,False,6,6
006147.png,MEDIUM,ultralytics,False,0,0,0,False,False,8,8
006148.png,MEDIUM,ultralytics,False,0,0,3,True,False,3,8
006149.png,MEDIUM,ultralytics,False,0,0,0,False,False,9,9
006150.png,MEDIUM,ultralytics,False,0,3,0,False,True,10,10
006151.png,MEDIUM,ultralytics,False,1,11,0,True,True,13,1
006152.png,MEDIUM,ultralytics,False,1,13,0,True,True,15,1
006153.png,MEDIUM,ultralytics,False,0,0,0,False,False,5,9
006154.png,MEDIUM,ultralytics,False,0,0,0,False,False,7,6
006155.png,MEDIUM,ultralytics,False,0,0,0,False,False,7,8
006156.png,MEDIUM,ultralytics,False,0,0,0,False,False,18,14
006157.png,MEDIUM,ultralytics,False,0,0,0,False,False,21,17
006158.png,MEDIUM,ultralytics,False,1,13,0,True,True,15,1
006159.png,MEDIUM,ultralytics,False,0,1,1,True,True,8,6
006160.png,MEDIUM,ultralytics,False,1,0,0,True,True,6,8
006161.png,MEDIUM,ultralytics,False,0,0,0,False,False,11,10
006162.png,MEDIUM,ultralytics,False,0,0,0,False,False,5,7
006163.png,MEDIUM,ultralytics,False,0,0,1,True,False,17,20
006164.png,MEDIUM,ultralytics,False,1,16,0,True,True,18,1
006165.png,MEDIUM,ultralytics,False,0,0,0,False,False,7,6
006166.png,MEDIUM,ultralytics,False,1,1,0,True,True,8,7
006167.png,MEDIUM,ultralytics,False,0,0,0,False,False,8,6
006168.png,MEDIUM,ultralytics,False,0,0,0,False,False,2,4
006169.png,MEDIUM,ultralytics,False,1,0,0,True,True,7,9
006170.png,MEDIUM,ultralytics,False,0,0,0,False,False,3,3
006171.png,MEDIUM,ultralytics,False,0,0,0,False,False,2,2
006172.png,MEDIUM,ultralytics,False,0,7,0,False,True,17,11
006173.png,MEDIUM,ultralytics,False,0,0,0,False,False,5,8
006174.png,MEDIUM,ultralytics,False,2,0,0,True,True,4,6
006175.png,MEDIUM,ultralytics,False,0,3,0,False,True,9,8
006176.png,MEDIUM,ultralytics,False,5,11,2,True,True,18,11
006177.png,MEDIUM,ultralytics,False,1,0,0,True,True,5,6
006178.png,MEDIUM,ultralytics,False,0,0,0,False,False,2,2
006179.png,MEDIUM,ultralytics,False,0,2,2,True,True,14,12
006180.png,MEDIUM,ultralytics,False,0,0,0,False,False,21,16
006181.png,MEDIUM,ultralytics,False,0,0,0,False,False,2,4
006182.png,MEDIUM,ultralytics,False,0,0,0,False,False,6,4
006183.png,MEDIUM,ultralytics,False,0,0,0,False,False,2,2
006184.png,MEDIUM,ultralytics,False,0,0,2,True,False,1,3
006185.png,MEDIUM,ultralytics,False,1,0,0,True,True,3,3
006186.png,MEDIUM,ultralytics,False,0,0,0,False,False,8,8
006187.png,MEDIUM,ultralytics,False,0,0,0,False,False,16,12
006188.png,MEDIUM,ultralytics,False,0,1,0,False,True,2,5
006189.png,MEDIUM,ultralytics,False,1,0,2,True,True,21,17
006190.png,MEDIUM,ultralytics,False,3,2,1,True,True,7,10
006191.png,MEDIUM,ultralytics,False,0,0,0,False,False,14,12
006192.png,MEDIUM,ultralytics,False,0,0,0,False,False,12,12
006193.png,MEDIUM,ultralytics,False,0,0,0,False,False,2,2
006194.png,MEDIUM,ultralytics,False,1,7,0,True,True,9,1
006195.png,MEDIUM,ultralytics,False,0,0,0,False,False,7,7
006196.png,MEDIUM,ultralytics,False,0,0,1,True,False,5,6
006197.png,MEDIUM,ultralytics,False,0,0,0,False,False,4,6
006198.png,MEDIUM,ultralytics,False,0,0,3,True,False,7,11
006199.png,MEDIUM,ultralytics,False,0,0,0,False,False,19,12
006200.png,MEDIUM,ultralytics,False,0,0,0,False,False,3,6
006201.png,MEDIUM,ultralytics,False,1,8,0,True,True,9,1
006202.png,MEDIUM,ultralytics,False,0,0,0,False,False,13,13
006203.png,MEDIUM,ultralytics,False,0,0,0,False,False,3,4
006204.png,MEDIUM,ultralytics,False,0,0,0,False,False,8,2
006205.png,MEDIUM,ultralytics,False,0,0,0,False,False,6,7
006206.png,MEDIUM,ultralytics,False,0,0,0,False,False,1,2
006207.png,MEDIUM,ultralytics,False,0,0,0,False,False,1,1
006208.png,MEDIUM,ultralytics,False,0,0,0,False,False,9,12
006209.png,MEDIUM,ultralytics,False,0,0,0,False,False,3,2
006210.png,MEDIUM,ultralytics,False,2,2,1,True,True,7,8
006211.png,MEDIUM,ultralytics,False,1,0,0,True,True,16,15
006212.png,MEDIUM,ultralytics,False,0,0,0,False,False,1,2
006213.png,MEDIUM,ultralytics,False,0,0,2,True,False,9,17
006214.png,MEDIUM,ultralytics,False,0,0,1,True,False,2,3
006215.png,MEDIUM,ultralytics,False,1,10,0,True,True,12,1
006216.png,MEDIUM,ultralytics,False,0,0,0,False,False,2,3
006217.png,MEDIUM,ultralytics,False,0,0,0,False,False,1,2
006218.png,MEDIUM,ultralytics,False,0,0,0,False,False,3,3
006219.png,MEDIUM,ultralytics,False,0,1,0,False,True,3,6
006220.png,MEDIUM,ultralytics,False,0,0,0,False,False,9,5
006221.png,MEDIUM,ultralytics,False,4,0,0,True,True,7,7
006222.png,MEDIUM,ultralytics,False,1,7,0,True,True,8,1
006223.png,MEDIUM,ultralytics,False,0,0,0,False,False,1,1
006224.png,MEDIUM,ultralytics,False,0,1,1,True,True,13,15
006225.png,MEDIUM,ultralytics,False,0,0,0,False,False,6,7
006226.png,MEDIUM,ultralytics,False,1,1,0,True,True,6,4
006227.png,MEDIUM,ultralytics,False,0,0,0,False,False,7,2
006228.png,MEDIUM,ultralytics,False,1,8,0,True,True,9,1
006229.png,MEDIUM,ultralytics,False,3,1,1,True,True,8,10
006230.png,MEDIUM,ultralytics,False,0,0,0,False,False,2,3
006231.png,MEDIUM,ultralytics,False,0,0,1,True,False,6,6
006232.png,MEDIUM,ultralytics,False,1,0,0,True,True,8,7
006233.png,MEDIUM,ultralytics,False,0,0,0,False,False,6,6
006234.png,MEDIUM,ultralytics,False,0,0,1,True,False,1,3
006235.png,MEDIUM,ultralytics,False,0,0,0,False,False,5,3
006236.png,MEDIUM,ultralytics,False,0,0,1,True,False,18,15
006237.png,MEDIUM,ultralytics,False,0,0,0,False,False,8,8
006238.png,MEDIUM,ultralytics,False,0,0,0,False,False,6,10
006239.png,MEDIUM,ultralytics,False,0,0,0,False,False,1,1
006240.png,MEDIUM,ultralytics,False,1,6,0,True,True,8,1
006241.png,MEDIUM,ultralytics,False,0,0,0,False,False,6,5
006242.png,MEDIUM,ultralytics,False,0,3,1,True,True,7,6
006243.png,MEDIUM,ultralytics,False,0,0,0,False,False,3,3
006244.png,MEDIUM,ultralytics,False,0,0,0,False,False,1,1
006245.png,MEDIUM,ultralytics,False,0,0,0,False,False,8,8
006246.png,MEDIUM,ultralytics,False,0,0,0,False,False,5,5
006247.png,MEDIUM,ultralytics,False,0,2,1,True,True,5,5
006248.png,MEDIUM,ultralytics,False,0,0,0,False,False,6,7
006249.png,MEDIUM,ultralytics,False,0,0,0,False,False,7,9
006250.png,MEDIUM,ultralytics,False,0,0,0,False,False,2,5
006251.png,MEDIUM,ultralytics,False,0,0,0,False,False,18,14
006252.png,MEDIUM,ultralytics,False,0,0,0,False,False,1,2
006253.png,MEDIUM,ultralytics,False,0,0,0,False,False,7,6
006254.png,MEDIUM,ultralytics,False,0,0,0,False,False,9,7
006255.png,MEDIUM,ultralytics,False,0,1,0,False,True,19,7
006256.png,MEDIUM,ultralytics,False,1,0,3,True,True,8,12
006257.png,MEDIUM,ultralytics,False,1,0,0,True,True,5,6
006258.png,MEDIUM,ultralytics,False,1,4,0,True,True,6,1
006259.png,MEDIUM,ultralytics,False,0,0,0,False,False,2,5
006260.png,MEDIUM,ultralytics,False,0,0,0,False,False,12,14
006261.png,MEDIUM,ultralytics,False,1,0,0,True,True,7,7
006262.png,MEDIUM,ultralytics,False,1,2,1,True,True,18,9
006263.png,MEDIUM,ultralytics,False,0,0,0,False,False,10,11
006264.png,MEDIUM,ultralytics,False,0,0,0,False,False,2,5
006265.png,MEDIUM,ultralytics,False,0,2,1,True,True,8,5
006266.png,MEDIUM,ultralytics,False,0,0,0,False,False,5,6
006267.png,MEDIUM,ultralytics,False,0,0,0,False,False,4,7
006268.png,MEDIUM,ultralytics,False,7,2,0,True,True,9,10
006269.png,MEDIUM,ultralytics,False,0,0,0,False,False,5,6
006270.png,MEDIUM,ultralytics,False,0,0,0,False,False,2,2
006271.png,MEDIUM,ultralytics,False,0,0,0,False,False,7,9
006272.png,MEDIUM,ultralytics,False,0,0,0,False,False,10,13
006273.png,MEDIUM,ultralytics,False,1,0,0,True,True,6,8
006274.png,MEDIUM,ultralytics,False,0,0,1,True,False,3,3
006275.png,MEDIUM,ultralytics,False,0,0,0,False,False,7,6
006276.png,MEDIUM,ultralytics,False,1,6,6,True,True,14,13
006277.png,MEDIUM,ultralytics,False,1,4,0,True,True,11,8
006278.png,MEDIUM,ultralytics,False,0,0,0,False,False,8,7
006279.png,MEDIUM,ultralytics,False,0,0,0,False,False,5,2
006280.png,MEDIUM,ultralytics,False,0,2,1,True,True,5,5
